,wm_prod_code,prod_detail_type_code,prod_ccy,prod_risk_code,can_rcmd_ind,prod_name
0,AAC4,FNDF,AUD,RR3,1,富達全球入息基金Ｈ月配澳幣避險
2,AF46,FNDF,EUR,RR4,0,鋒匯理Ⅱ－歐洲潛力Ａ２歐元
3,AO14,FNDF,USD,RR2,1,ＰＩＭＣＯ總回報債券基金Ｅ級類別收息股份
5,GG29,FNDF,EUR,RR3,1,安本標準歐元高收益債券基金Ａ月配息歐元
6,GG48,FNDF,USD,RR4,0,安本標準日本小型公司基金Ａ累積美元避險
15,1223,FNDD,TWD,RR5,1,統一亞洲大金磚基金
16,1337,FNDD,TWD,RR3,1,保德信印度機會債券基金累積型－新臺幣
19,2046,FNDD,TWD,RR4,1,國泰全球積極組合基金－新臺幣（累積）
20,2103,FNDD,TWD,RR5,1,野村ｅ科技基金
21,2908,FNDD,TWD,RR3,1,復華全球債券組合基金
26,AT14,FNDF,USD,RR4,1,百達林木資源Ｒ美元
37,AG43,FNDF,USD,RR2,0,貝萊德美國政府房貸債券基金美元
38,AH54,FNDF,SGD,RR3,1,新加坡大華國際成長基金星幣
40,AJ21,FNDF,USD,RR3,0,瀚Ｍ＆Ｇ收益優化基金Ａ－Ｈ（美元避險）
41,CC20,FNDF,USD,RR5,0,摩根菲律賓基金
46,JJ23,FNDF,USD,RR2,0,富蘭克林坦伯頓月入息基金
48,NN60,FNDF,JPY,RR4,0,聯博日本策略價值基金Ａ級別日圓
49,QQ11,FNDF,EUR,RR4,1,瑞銀（盧森堡）歐洲中型股票基金（歐元）
50,UU10,FNDF,USD,RR3,0,天利盧森堡全球焦點基金
53,WW20,FNDF,USD,RR4,1,霸菱亞洲平衡基金Ａ類美元配息型
55,2122,FNDD,TWD,RR4,1,野村台灣高股息基金
57,2504,FNDD,TWD,RR5,1,安聯全球新興市場基金
60,3322,FNDD,TWD,RR2,1,群益亞洲新興市場投資級債券基金Ａ類型累積
62,4612,FNDD,AUD,RR4,1,瀚亞亞太豐收平衡基金Ｂ－澳幣
63,5012,FNDD,TWD,RR3,1,貝萊德享退休系列２０４０目標日期組合基金－新臺幣
71,AAE1,FNDF,AUD,RR5,0,富達東協基金澳幣避險累積型
72,AAE6,FNDF,USD,RR4,1,富達德國基金美元避險累積型
75,AF29,FNDF,USD,RR3,0,鋒匯理Ⅱ－美國高息Ａ２美元
78,AG39,FNDF,USD,RR2,1,貝萊德美元優質債券基金美元
81,AP19,FNDF,EUR,RR4,1,ＮＮ（Ｌ）食品飲料基金Ｘ股歐元
85,CCC3,FNDF,JPY,RR4,1,摩根－ＪＰＭ日本股票日圓（Ａ股累計）基金
88,MM01,FNDF,EUR,RR4,1,安聯全球資源基金－Ａ配息類股（歐元）
91,3301,FNDD,TWD,RR5,1,群益中小型股基金
96,AA03,FNDF,SEK,RR4,1,富達北歐基金
98,6016,FNDD,CNY,RR3,1,安聯收益成長多重資產基金－Ａ類型（累積）－人民幣
104,AA69,FNDF,EUR,RR3,1,富達歐洲高收益基金月配Ａ
109,AG83,FNDF,EUR,RR5,1,貝萊德太平洋股票基金歐元
110,AH03,FNDF,USD,RR5,1,新加坡大華亞太增長基金美元
116,KK28,FNDF,EUR,RR3,1,富蘭克林坦伯頓全球投資成長歐元基金
117,KK77,FNDF,USD,RR3,1,富蘭克林坦伯頓全球投資歐洲高收益基金美元月配
122,AG15,FNDF,USD,RR5,1,貝萊德新興市場基金美元
127,AA21,FNDF,AUD,RR4,1,富達澳洲基金
128,AA68,FNDF,USD,RR2,1,富達美元債券基金月配Ａ
129,AG20,FNDF,USD,RR4,1,貝萊德永續能源基金美元
136,1119,FNDD,TWD,RR4,1,日盛ＭＩＴ主流基金
137,1619,FNDD,TWD,RR4,1,第一金全球大趨勢基金
148,AA74,FNDF,USD,RR4,1,富達目標基金２０２０
151,AF72,FNDF,USD,RR2,0,鋒匯理Ⅱ－新興市場當地貨幣債券Ａ股美元月配穩定配息
152,AG47,FNDF,USD,RR2,1,貝萊德環球政府債券基金美元配現
153,AGB1,FNDF,EUR,RR3,1,貝萊德全球股票收益基金Ａ２歐元避險
156,CC98,FNDF,USD,RR5,1,摩根－ＪＰＭ新興歐洲股票美元（Ａ股累計）基金
158,HH23,FNDF,GBP,RR2,0,施羅德美國小型公司基金
160,KK49,FNDF,EUR,RR3,1,富蘭克林坦伯頓全球投資全球核心策略基金歐元
163,PP08,FNDF,GBP,RR4,1,施羅德環球英國股票（英鎊）Ａ１－累積基金
167,2108,FNDD,TWD,RR3,1,野村全球高股息基金
170,2903,FNDD,TWD,RR4,1,復華神盾基金
172,ER24,FNDF,AUD,RR3,0,ＮＢ新興市場本地貨幣債券基金Ｅ股月配澳幣
177,FCA7,FNDF,AUD,RR3,0,摩根投資－ＪＰＭ多重收益澳幣對沖（Ｆ股利率入息）基金
179,AAB1,FNDF,USD,RR4,1,富達全球消費行業基金美元累積
184,AG37,FNDF,EUR,RR2,1,貝萊德歐元優質債券基金歐元
186,AJ46,FNDF,USD,RR4,0,瀚亞Ｍ＆Ｇ北美股息基金美元
188,CC99,FNDF,USD,RR2,1,摩根－ＪＰＭ美國複合收益債券美元（Ａ股累計）基金
189,CCA3,FNDF,USD,RR3,1,摩根投資－ＪＰＭ多重收益美元對沖（Ａ股每月派息）基金
190,EE39,FNDF,USD,RR4,1,景順日本小型企業基金Ａ（美元對沖）股美元
194,PP26,FNDF,USD,RR2,1,施羅德環球新興市場債券（美元）Ａ１－累積基金
195,QQ01,FNDF,USD,RR4,1,瑞銀（盧森堡）生化股票基金（美元）
196,QQ07,FNDF,USD,RR3,1,瑞銀（盧森堡）保健股票基金（美元）
201,2026,FNDD,TWD,RR3,1,國泰全球多重收益平衡基金不配息
202,2104,FNDD,TWD,RR4,1,野村平衡基金
206,4921,FNDD,CNY,RR5,1,群益中國新機會基金人民幣
210,UF71,FNDF,USD,RR3,0,鋒匯理Ⅱ－新興市場債券Ｕ股美元月配穩定配息
212,AA66,FNDF,EUR,RR3,1,富達全球健康護理基金
214,AF53,FNDF,AUD,RR3,0,鋒匯理Ⅱ－環球高收益Ａ股澳幣收益穩定配息
215,AG18,FNDF,USD,RR3,1,貝萊德環球前瞻股票基金美元
216,AI40,FNDF,ZAR,RR3,1,瀚亞全球價值股票基金南非幣避險穩定月配
218,AP20,FNDF,AUD,RR2,1,ＮＮ（Ｌ）投資級公司債基金Ｘ股對沖級別澳幣（月配息）
219,CCB9,FNDF,USD,RR4,1,摩根－ＪＰＭ歐洲小型企業美元（Ａ股累計）基金
221,GG44,FNDF,USD,RR3,0,安本標準新興市場債券基金Ａ累積美元
223,KK34,FNDF,USD,RR2,1,富蘭克林坦伯頓全球投資亞洲債券基金
224,KK80,FNDF,USD,RR5,1,富蘭克林坦伯頓全球投資新興國家小型企業基金美元
226,NN51,FNDF,USD,RR5,1,聯博新興市場價值Ａ美元
230,PP80,FNDF,EUR,RR4,1,施羅德環球歐洲收益股票（歐元）Ａ１－季配固定基金
231,1219,FNDD,TWD,RR5,1,統一大中華中小基金
232,2030,FNDD,TWD,RR4,1,國泰亞太入息平衡基金配息
233,2125,FNDD,TWD,RR5,1,野村大俄羅斯基金
234,2144,FNDD,TWD,RR4,1,野村歐洲中小成長基金
235,2151,FNDD,TWD,RR3,1,野村亞太新興債券基金新臺幣累積
236,2404,FNDD,TWD,RR4,1,瀚亞菁華基金
237,3022,FNDD,TWD,RR2,1,元大中國機會債券基金
238,3313,FNDD,TWD,RR5,1,群益印巴雙星基金
246,6802,FNDD,TWD,RR5,1,兆豐國際中國Ａ股基金
247,AA49,FNDF,CHF,RR4,1,富達瑞士基金
248,AAA6,FNDF,USD,RR4,0,富達亞洲高收益基金累積
249,AAA7,FNDF,USD,RR5,1,富達中國內需消費基金
251,AF03,FNDF,USD,RR4,0,鋒匯理Ⅱ－美國研究Ａ２美元
253,AO23,FNDF,USD,RR3,1,ＰＩＭＣＯ全球高收益債券基金Ｍ級美月收息
259,NNA6,FNDF,ZAR,RR4,1,聯博美國成長基金ＡＤ股月配南非幣避險
263,1221,FNDD,TWD,RR5,1,統一新亞洲科技能源基金
264,2213,FNDD,TWD,RR4,1,景順全球科技基金
265,2304,FNDD,TWD,RR4,1,柏瑞旗艦全球平衡組合基金
266,2430,FNDD,TWD,RR5,1,瀚亞中國Ａ股基金
267,2815,FNDD,TWD,RR3,1,富蘭克林華美全球高收益債券基金分配型
268,3001,FNDD,TWD,RR4,1,元大多福基金
279,AAD1,FNDF,USD,RR4,1,富達日本基金美元避險
285,AG46,FNDF,EUR,RR3,1,貝萊德環球高收益債券基金ＨｅｄｇｅｄＡ３歐元
286,AP05,FNDF,USD,RR3,1,ＮＮ（Ｌ）亞洲債券基金Ｘ股美元
288,AR10,FNDF,AUD,RR4,1,ＮＢ美國房地產基金Ｔ股月配澳幣
292,CC09,FNDF,JPY,RR4,0,摩日本小型企業日圓基金
295,CC81,FNDF,USD,RR5,1,摩根－ＪＰＭ全方位新興市場美元（Ａ股分派）基金
301,1307,FNDD,TWD,RR3,1,保德信全球醫療生化基金
303,2129,FNDD,TWD,RR4,1,野村全球不動產證券化基金月配
306,2938,FNDD,TWD,RR4,1,復華全球物聯網科技基金－新臺幣
307,3009,FNDD,TWD,RR5,1,元大新中國基金
308,4010,FNDD,TWD,RR3,1,聯博多元資產收益組合基金ＡＤ配息（台幣）
312,5824,FNDD,CNY,RR3,1,聯博多元資產收益組合基金ＡＩ類型人民幣
313,5905,FNDD,CNY,RR4,1,柏瑞新興市場高收益債券基金Ａ類型人民幣
316,7320,FNDD,TWD,RR4,0,柏瑞亞太高收益債券基金Ｎ９類型
320,8640,FNDD,CNY,RR3,0,瀚亞策略印度傘型基金之印度策略收益債券基金Ｓ類型－人民幣
321,AAC8,FNDF,USD,RR4,1,富達歐洲小型企業美元避險
327,AG19,FNDF,USD,RR4,1,貝萊德環球小型企業基金美元
328,AG67,FNDF,USD,RR2,1,貝萊德世界債券基金Ａ２美元
332,AR09,FNDF,ZAR,RR4,1,ＮＢ美國房地產基金Ｔ股月配南非幣
334,EE89,FNDF,USD,RR4,1,景順歐洲大陸企業基金Ａ－美元對沖美元
337,KK01,FNDF,USD,RR3,1,富蘭克林坦伯頓全球投資全球基金
339,KK13,FNDF,USD,RR3,0,富蘭克林坦伯頓全球投資公司債基金
341,KK43,FNDF,EUR,RR4,1,富蘭克林坦伯頓全球投資天然資源基金歐元
344,NN80,FNDF,AUD,RR3,1,聯博房貸收益基金ＡＡ月配澳幣避險
347,SS07,FNDF,USD,RR5,1,柏瑞環球基金－日本股票基金Ａ
350,1228,FNDD,TWD,RR4,1,統一中國高收益債券基金台幣月配
352,2112,FNDD,TWD,RR4,1,野村全球不動產證券化基金累積
353,2317,FNDD,TWD,RR3,1,柏瑞中國平衡基金Ａ類型
354,2910,FNDD,TWD,RR4,1,復華人生目標基金
356,3408,FNDD,TWD,RR5,0,新兩岸優勢基金
357,4002,FNDD,TWD,RR3,1,聯博新興市場企業債券基金ＡＡ類型
358,4019,FNDD,TWD,RR3,1,聯博美國高收益債券基金－ＡＡ類型（新臺幣）
359,ER22,FNDF,USD,RR3,0,ＮＢ新興市場本地貨幣債券基金Ｅ股月配美元
365,AA16,FNDF,USD,RR2,1,富達全球債券基金
366,AAA5,FNDF,USD,RR3,1,富達新興市場債券基金累積
368,AF31,FNDF,USD,RR3,0,鋒匯理Ⅱ－美國高息ＡＸＤ美元
370,AG78,FNDF,EUR,RR3,1,貝萊德世界健康科學基金歐元
373,AO21,FNDF,USD,RR3,1,ＰＩＭＣＯ多元收益債券基金Ｍ級美月收息股
374,AR01,FNDF,USD,RR4,1,ＮＢ美國房地產基金Ｔ股累積美元
375,CC69,FNDF,USD,RR5,0,摩根太平洋科技基金
376,CCF3,FNDF,EUR,RR4,1,摩根－ＪＰＭ歐洲小型企業歐元（Ａ股分派）基金
378,KK44,FNDF,USD,RR2,1,富蘭克林坦伯頓全球投資精選收益基金美元
383,1231,FNDD,TWD,RR4,1,統一全球動態多重資產基金新臺幣月配
387,2819,FNDD,TWD,RR3,1,富蘭克林華美全球成長基金累積型
390,AT16,FNDF,USD,RR4,1,百達智慧城市ＨＲ美元
393,3330,FNDD,TWD,RR4,1,群益安家基金
403,AG91,FNDF,USD,RR3,1,貝萊德新興市場當地債券基金美元
404,AGA1,FNDF,USD,RR3,1,貝萊德美元高收益債券基金Ａ６美元穩定配息
405,BB38,FNDF,USD,RR5,1,安聯亞洲總回報股票基金－Ａ配息類股（美元）
409,KK42,FNDF,USD,RR4,1,富蘭克林坦伯頓全球投資投資天然資源基金美元
410,NN37,FNDF,USD,RR4,1,聯博永續主題基金Ａ股美元
412,PP04,FNDF,EUR,RR4,1,施羅德環球歐元股票（歐元）Ａ１－累積基金
413,1224,FNDD,TWD,RR3,1,統一新興市場企業債券基金
414,1433,FNDD,TWD,RR2,1,摩根總收益組合基金
416,2301,FNDD,TWD,RR5,1,柏瑞巨人基金
417,2445,FNDD,TWD,RR3,1,瀚亞策略印度傘型基金之印度策略收益債券基金Ａ類型－新臺幣
419,2713,FNDD,TWD,RR1,0,台新１６９９貨幣市場基金
421,3711,FNDD,CNY,RR4,1,國泰新興高收益債配息人民幣
423,5921,FNDD,USD,RR4,1,柏瑞新興市場高收益債券基金Ｂ類型美元
425,AAA3,FNDF,EUR,RR3,1,富達歐洲高收益基金累積
430,AGB3,FNDF,AUD,RR3,1,貝萊德新興市場債券基金Ａ８月配澳幣避險
431,AGC1,FNDF,USD,RR4,1,貝萊德日本特別時機基金Ａ２美元避險
433,AI19,FNDF,USD,RR5,1,瀚亞印尼股票基金
435,AA63,FNDF,EUR,RR3,1,富達歐洲高收益基金
437,AR26,FNDF,ZAR,RR3,1,ＮＢ新興市場本地貨幣債券基金Ｔ股月配南非幣
441,CC72,FNDF,USD,RR4,0,摩根環球地產入息基金
442,KK41,FNDF,USD,RR3,1,富蘭克林坦伯頓全球投資新興國家固定收益基金月配
443,KK58,FNDF,USD,RR3,0,富蘭克林坦伯頓全球投資公司債基金累積
444,KKA4,FNDF,EUR,RR3,1,富蘭克林坦伯頓全球投資吉富世界基金歐元Ａ（ＡＣＣ）股
445,NN36,FNDF,EUR,RR3,1,聯博全球高收益債券基金ＡＴ股歐元避險
446,SS10,FNDF,USD,RR5,0,柏瑞環球新興歐洲股票基金Ａ
450,1802,FNDD,TWD,RR4,1,鋒裕匯理阿波羅基金
451,2437,FNDD,TWD,RR4,1,瀚亞亞太豐收平衡基金Ａ－台幣
453,4021,FNDD,TWD,RR3,1,聯博多元資產收益組合基金ＡＩ類型新臺幣
457,UF69,FNDF,USD,RR2,0,鋒匯理Ⅱ－策略收益Ｕ股美元月配穩定配息
462,AAD7,FNDF,EUR,RR4,1,富達歐洲入息基金歐元
463,AB02,FNDF,USD,RR4,1,天達環球策略歐洲股票基金Ｃ收益股份
466,AF57,FNDF,AUD,RR3,0,鋒匯理Ⅱ－新興市場債券Ａ股澳幣收益穩定配息
468,AJ14,FNDF,USD,RR4,1,瀚亞Ｍ＆Ｇ全球未來趨勢基金美元
469,AP09,FNDF,USD,RR4,1,ＮＮ（Ｌ）能源基金Ｘ股美元
470,BB39,FNDF,USD,RR3,1,安聯收益成長基金－ＡＭ穩定月收類股（美元）
472,CC08,FNDF,JPY,RR4,1,摩根日本日圓基金
476,NNA9,FNDF,ZAR,RR4,0,聯博日本策略價值基金ＡＤ月配南非幣避險級別
479,4610,FNDD,USD,RR4,1,瀚亞亞太豐收平衡基金Ｂ－美元
480,4617,FNDD,CNY,RR4,1,瀚亞亞太高股息基金Ａ人民幣
481,4706,FNDD,CNY,RR4,1,野村亞太複合高收益債月配人民幣
485,AT01,FNDF,USD,RR4,1,百達智慧城市Ｒ美元
486,AF62,FNDF,USD,RR4,0,鋒匯理Ⅱ－歐洲潛力Ａ２美元對沖
487,FE52,FNDF,USD,RR4,0,富蘭克林坦伯頓全球投資亞洲小型企業基金美元Ｆ（ＡＣＣ）股
488,AC25,FNDF,USD,RR4,1,天達環球策略環球股票入息基金Ｃ累積股份
493,AF65,FNDF,EUR,RR2,0,鋒匯理Ⅱ－美元短期債券Ａ２歐元
495,AGD1,FNDF,ZAR,RR3,1,貝萊德環球高收益債券基金Ａ８多幣別穩定月配息股份－南非幣避險
498,AP16,FNDF,USD,RR3,1,ＮＮ（Ｌ）新興市場債券基金Ｘ股美元（月配息）
500,CCB4,FNDF,AUD,RR3,1,摩根－ＪＰＭ新興市場企業債券澳幣對沖（Ａ股利率入息）基金
503,KK09,FNDF,USD,RR3,1,富蘭克林坦伯頓全球投資新興國家固定收益基金
504,KK23,FNDF,EUR,RR5,1,富蘭克林坦伯頓全球投資東歐基金
505,KK65,FNDF,USD,RR3,1,富蘭克林坦伯頓全球投資全球平衡基金
506,PP53,FNDF,USD,RR3,1,施羅德環球環球氣候變化策略（美元）Ａ１－累積基金
507,WW12,FNDF,USD,RR5,1,霸菱亞洲增長基金
508,WW26,FNDF,GBP,RR3,1,霸菱成熟及新興市場高收益債券基金－Ａ類英鎊避險配息型
516,8608,FNDD,CNY,RR3,0,瀚亞全球高收益債券基金Ｓ類型－人民幣
520,AAE7,FNDF,USD,RR4,1,富達全球科技基金Ａ股累計美元避險
526,BB53,FNDF,USD,RR4,1,安聯歐洲成長精選基金－ＡＴ累積類股（美元避險）
530,CCB6,FNDF,AUD,RR5,1,摩根東協基金（澳幣對沖）（累計）
531,CCF7,FNDF,AUD,RR3,1,摩根投資－ＪＰＭ策略總報酬澳幣對沖（Ａ股累計）基金
533,EE58,FNDF,USD,RR4,0,景順日本股息增長基金Ａ－年配息股美元
535,NN61,FNDF,USD,RR4,1,聯博精選美國股票基金Ａ股美元
537,PP83,FNDF,EUR,RR3,1,施羅德環球環球收益股票（歐元）Ａ１－累積基金
538,PP84,FNDF,USD,RR5,1,施羅德環球亞洲優勢（美元）Ａ－累積基金
542,1311,FNDD,TWD,RR5,1,保德信大中華基金
546,2720,FNDD,TWD,RR4,1,台新亞澳高收益債券基金月配型
548,4630,FNDD,USD,RR2,1,瀚亞債券精選組合基金Ｂ配息美元
549,5001,FNDD,TWD,RR3,1,貝萊德亞美利加收益基金
551,5915,FNDD,USD,RR4,1,柏瑞亞太高收益債券基金Ｂ月配美元
554,AA41,FNDF,USD,RR5,1,富達拉丁美洲基金
560,BB46,FNDF,AUD,RR3,1,安聯收益成長基金－ＡＭ穩定月收類股（澳幣避險）
561,CC12,FNDF,USD,RR5,1,摩根馬來西亞基金
563,CC55,FNDF,USD,RR5,1,摩根南韓基金
565,CCC4,FNDF,USD,RR4,1,摩根－ＪＰＭ日本股票美元對沖（Ａ股累積）基金
570,1304,FNDD,TWD,RR5,1,保德信店頭市場基金
572,1902,FNDD,TWD,RR5,1,匯豐龍騰電子基金
574,2109,FNDD,TWD,RR4,1,野村鑫平衡組合基金
575,3007,FNDD,TWD,RR5,1,元大全球農業商機基金
578,3903,FNDD,ZAR,RR2,1,復華南非幣長期收益基金Ａ不配
585,5704,FNDD,USD,RR3,1,保德信印度機會債券基金配息型－美元
588,AA43,FNDF,USD,RR5,1,富達印尼基金
589,AA88,FNDF,USD,RR4,1,富達全球不動產基金美元
591,AI27,FNDF,AUD,RR3,1,瀚亞美國高收益債券基金澳幣避險月配級別
592,BB60,FNDF,ZAR,RR5,1,安聯全球新興市場高股息基金－ＡＭ穩定月收類股（南非幣避險）
595,CC19,FNDF,USD,RR5,1,摩根太平洋證券基金
596,EE79,FNDF,USD,RR5,1,景順中國基金Ａ－年配息股美元
597,EE84,FNDF,USD,RR3,1,景順新興市場債券基金Ａ－半年配息股美元
600,1431,FNDD,TWD,RR4,1,摩根台灣金磚基金－累積型
601,1513,FNDD,TWD,RR4,1,華南永昌全球精品基金
603,2123,FNDD,TWD,RR4,1,野村台灣運籌基金
604,2813,FNDD,TWD,RR5,1,富蘭克林華美台股傘型基金之傳產基金
605,2829,FNDD,TWD,RR4,1,富蘭克林華美退休傘型基金之目標２０３７組合基金－新臺幣
607,3601,FNDD,TWD,RR2,1,宏利中國離岸債券基金累積
609,AI04,FNDF,USD,RR2,1,瀚亞美國優質債券基金
610,5404,FNDD,CNY,RR4,1,摩根新興雙利平衡基金月配息型人民幣
614,8913,FNDD,CNY,RR4,0,柏瑞亞太高收益債券基金Ｎ月配人民幣
615,6602,FNDD,TWD,RR3,0,中國信託多元入息平衡基金配息
616,FCA6,FNDF,AUD,RR3,0,摩根投資－ＪＰＭ環球高收益債券澳幣對沖（Ｆ股利率入息）基金
618,AC20,FNDF,ZAR,RR4,1,天達環球策略環球特許品牌基金南非幣避險月配Ｃ收益
623,AR05,FNDF,USD,RR3,1,ＮＢ高收益債券基金Ｔ股週配美元
624,AR24,FNDF,AUD,RR3,1,ＮＢ新興市場本地貨幣債券基金Ｔ股月配澳幣
625,BB13,FNDF,USD,RR5,1,安聯印尼股票基金－Ａ配息類股（美元）
628,CCA4,FNDF,USD,RR3,1,摩根－ＪＰＭ亞太入息美元（Ａ股每月派息）基金
629,CCB2,FNDF,EUR,RR3,1,摩根－ＪＰＭ新興市場企業債券歐元對沖（Ａ股每季派息）基金
630,EE44,FNDF,EUR,RR4,1,景順歐洲指標增值基金Ａ歐元
634,1444,FNDD,TWD,RR4,1,摩根新興雙利平衡基金累積型
638,2012,FNDD,TWD,RR5,1,國泰科技生化基金
639,2914,FNDD,TWD,RR4,1,復華全球原物料基金
640,3707,FNDD,USD,RR4,1,國泰全球基礎建設基金美元
642,5406,FNDD,CNY,RR4,1,摩根中國雙息平衡基金月配息型人民幣
646,FC85,FNDF,USD,RR3,0,摩根投資－ＪＰＭ環球高收益債券美元（Ｆ股每月派息）基金
647,FC90,FNDF,USD,RR4,0,摩根－ＪＰＭ環球天然資源美元（Ｆ股累計）基金
648,AA90,FNDF,USD,RR4,0,富達全球優勢產業基金
650,AF71,FNDF,USD,RR2,0,鋒匯理Ⅱ－策略收益Ａ股美元月配穩定配息
652,AI05,FNDF,USD,RR3,1,瀚亞美國高收益債券基金
653,AI13,FNDF,USD,RR3,1,瀚亞亞洲債券基金配息
654,AI18,FNDF,USD,RR5,1,瀚亞大中華股票基金
655,BB11,FNDF,USD,RR5,0,安聯韓國股票基金－Ａ配息類股（美元）
658,CC04,FNDF,USD,RR4,0,摩根澳洲基金
663,KK32,FNDF,USD,RR4,1,富蘭克林坦伯頓全球投資生技領航基金
665,NN90,FNDF,USD,RR4,1,聯博美國成長基金ＡＤ股月配美元
670,1225,FNDD,TWD,RR3,1,統一新興市場企業債券月配
671,1319,FNDD,TWD,RR4,0,保德信歐洲組合基金
674,2419,FNDD,TWD,RR2,1,瀚亞債券精選組合基金Ａ不配息
677,4016,FNDD,TWD,RR3,1,聯博全球高收益債券基金ＴＡ月配型
684,AAD5,FNDF,EUR,RR4,1,富達歐洲入息基金Ｆ１穩定月配息歐元
685,AAE5,FNDF,USD,RR4,1,富達全球科技基金美元累積型
691,AP23,FNDF,AUD,RR3,1,ＮＮ（Ｌ）環球高收益基金Ｘ股對沖級別澳幣（月配息）
692,AP31,FNDF,ZAR,RR4,1,ＮＮ（Ｌ）美國高股息基金Ｘ股對沖級別南非幣（月配息）
694,BB01,FNDF,USD,RR4,1,安聯香港股票基金－Ａ配息類股（美元）
700,NN58,FNDF,NZD,RR5,1,聯博亞洲股票基金ＡＤ股紐幣避險
701,OB17,FNDF,EUR,RR5,0,法百利達亞太（日本除外）高股息股票基金年配（歐元）
702,XX16,FNDF,EUR,RR4,1,匯豐環球投資基金歐元區股票
706,2918,FNDD,TWD,RR4,1,復華全球平衡基金－新臺幣
707,3321,FNDD,TWD,RR5,1,群益大中華雙力優勢基金
712,4801,FNDD,USD,RR3,1,富蘭克林華美全球高收益債券基金美元累積
720,AG51,FNDF,USD,RR2,1,貝萊德美元優質債券基金美元配現
721,AG64,FNDF,USD,RR3,1,貝萊德新興市場債券基金Ａ２美元
724,AI36,FNDF,ZAR,RR3,1,瀚亞美國高收益債券基金南非幣避險穩定月配
725,AI58,FNDF,USD,RR4,1,瀚亞日本動力股票基金Ａ美元
730,CCC7,FNDF,USD,RR5,1,摩根－ＪＰＭ亞太股票美元（Ａ股累計）基金
734,NN32,FNDF,USD,RR3,1,聯博新興市場債券基金Ａ２美元
735,NN35,FNDF,EUR,RR3,1,聯博全球高收益債券基金Ａ２股歐元避險
736,NN79,FNDF,USD,RR3,1,聯博房貸收益基金ＡＡ月配美元
737,NNA3,FNDF,EUR,RR4,1,聯博美國成長基金Ａ股歐元
738,OB05,FNDF,USD,RR3,1,法巴優化波動全球股票基金Ｃ（美元）
739,PP77,FNDF,USD,RR4,1,施羅德環球歐洲收益股票（美元避險）Ａ１－累積基金
740,SS03,FNDF,EUR,RR5,1,柏瑞環球歐洲小型公司股票基金Ａ１
741,WW07,FNDF,USD,RR5,1,霸菱韓國基金美元
747,3306,FNDD,TWD,RR5,1,群益新興金鑽基金
753,1915,FNDD,TWD,RR5,1,匯豐金磚動力基金
759,9102,FNDD,USD,RR3,0,路博邁收益成長多重資產基金Ｎ月配（美元）
760,AAA9,FNDF,USD,RR3,1,富達歐洲高收益基金月配美元避險
763,AF07,FNDF,USD,RR4,0,鋒匯理Ⅱ－美國鋒裕基金Ａ２美元
766,AP18,FNDF,USD,RR4,1,ＮＮ（Ｌ）食品飲料基金Ｘ股美元
771,KK97,FNDF,AUD,RR3,1,富蘭克林坦伯頓全球投資穩定月收益基金澳幣避險Ｈ１
772,KKB2,FNDF,USD,RR4,0,富蘭克林坦伯頓全球投資潛力歐洲基金美元Ａ（ＹＤＩＳ）
773,OB01,FNDF,EUR,RR4,1,法巴歐洲小型股票基金Ｃ（歐元）
774,PP02,FNDF,USD,RR4,1,施羅德環球美國大型股（美元）Ａ１－累積基金
776,1334,FNDD,TWD,RR3,1,保德信新興市場企業債券基金累積
777,1401,FNDD,TWD,RR5,1,摩根中小基金
779,2822,FNDD,TWD,RR3,1,富蘭克林華美多重資產收益基金新臺幣分配型
780,2932,FNDD,TWD,RR4,1,復華中國新經濟平衡基金
781,3216,FNDD,TWD,RR4,1,永豐歐洲５０指數基金新臺幣
783,3726,FNDD,CNY,RR5,1,國泰中國內需增長基金人民幣
786,5802,FNDD,CNY,RR3,1,聯博多元資產收益組合基金ＡＤ類型人民幣
788,5939,FNDD,CNY,RR3,1,柏瑞特別股息收益基金Ａ累積人民幣
795,AGA9,FNDF,USD,RR3,1,貝萊德全球股票收益基金Ａ２美元
798,AP02,FNDF,USD,RR3,1,ＮＮ（Ｌ）環球高收益基金Ｘ股美元（月配息）
799,BB30,FNDF,USD,RR4,1,安聯全球高成長科技基金－Ａ配息類股（美元）
804,JJ03,FNDF,USD,RR4,1,富蘭克林成長基金
805,JJ07,FNDF,USD,RR3,0,富蘭克林可轉換證券基金
810,2019,FNDD,TWD,RR4,1,國泰新興高收益債券基金
811,2309,FNDD,TWD,RR2,1,柏瑞美國雙核心收益基金Ａ類型
812,2408,FNDD,TWD,RR5,0,瀚電通網基金
817,ER08,FNDF,ZAR,RR3,0,ＮＢ高收益債券基金Ｅ股月配南非幣
818,AV03,FNDF,USD,RR5,1,瑞萬通博中國領導企業基金Ｃ（美元）
822,AA64,FNDF,EUR,RR4,1,富達全球消費行業基金
823,AA89,FNDF,USD,RR3,1,富達美元高收益基金Ａ股月配收益型
824,AA96,FNDF,EUR,RR3,1,富達歐洲高收益基金Ａ股穩定月配
827,AG01,FNDF,USD,RR5,1,貝萊德拉丁美洲基金美元
828,AJ31,FNDF,EUR,RR4,0,瀚亞Ｍ＆Ｇ北美股息基金（歐元）
829,BB50,FNDF,USD,RR4,1,安聯歐洲高息股票基金－ＡＭ穩定月收類股（美元避險）
834,JJ16,FNDF,USD,RR3,1,富蘭克林坦伯頓世界基金
837,NN76,FNDF,USD,RR4,0,聯博日本策略價值基金ＡＤ月配美元避險
839,SS09,FNDF,USD,RR5,1,柏瑞環球印度股票基金Ａ
842,WW08,FNDF,USD,RR4,1,霸菱澳洲基金美元
846,1408,FNDD,TWD,RR5,1,摩根亞洲基金
849,2416,FNDD,TWD,RR5,1,瀚亞印度基金
851,3901,FNDD,ZAR,RR2,1,復華南非幣短期收益基金Ａ不配
854,5008,FNDD,TWD,RR3,1,貝萊德全球多元因子ＥＴＦ組合基金累積新台幣
859,6206,FNDD,CNY,RR4,1,統一全球新科技基金人民幣
861,8638,FNDD,CNY,RR3,0,瀚亞策略印度傘型基金之印度策略收益平衡基金Ｓ類型－人民幣
868,KK37,FNDF,USD,RR4,1,富蘭克林坦伯頓全球投資日本基金
869,KK56,FNDF,USD,RR3,1,富蘭克林坦伯頓全球投資新興國家固定收益基金累積
870,KK68,FNDF,AUD,RR3,1,富蘭克林坦伯頓全球投資新興國家固定收益澳幣避險Ｈ１月配
871,KK91,FNDF,USD,RR4,1,富蘭克林坦伯頓全球投資全球房地產基金美元Ａ（ＱＤＩＳ）股
874,PP72,FNDF,USD,RR3,1,施羅德環球環球股債收息基金（美元）Ａ－累積基金
879,2915,FNDD,TWD,RR3,1,復華新興債股動力組合基金－新臺幣
880,3402,FNDD,TWD,RR4,1,新光大三通基金
886,6108,FNDD,USD,RR3,1,貝萊德全方位資產收益組合基金月配美元
889,9943,FNDD,CNY,RR3,0,群益全球優先順位高收益債券基金ＮＢ月配型人民幣
892,ED64,FNDF,USD,RR3,0,聯博全球高收益債券基金ＥＡ穩定月配美元
894,AA56,FNDF,EUR,RR3,1,富達世界基金
895,AA77,FNDF,USD,RR5,1,富達印度聚焦基金
898,AG02,FNDF,USD,RR4,1,貝萊德美國價值型基金美元
899,AG28,FNDF,USD,RR4,1,貝萊德日本特別時機基金美元
903,EE56,FNDF,USD,RR2,0,景順債券基金Ａ－半年配息股美元
906,PP87,FNDF,EUR,RR3,1,施羅德環球環球股息基金（歐元避險）Ａ－累積基金
907,1204,FNDD,TWD,RR4,1,統一經建基金
908,1326,FNDD,TWD,RR5,1,保德信中國品牌基金
910,1605,FNDD,TWD,RR5,1,第一金小型精選基金
911,2922,FNDD,TWD,RR4,1,復華新興市場高收益債券基金配息
913,4628,FNDD,CNY,RR5,1,瀚亞印度基金－人民幣
920,AA44,FNDF,EUR,RR4,0,富達基金–歐洲多重資產收益基金Ａ股歐元
922,AG03,FNDF,USD,RR4,1,貝萊德美國靈活股票基金美元
923,AG89,FNDF,USD,RR5,1,貝萊德印度基金美元
924,AGE7,FNDF,NZD,RR4,1,貝萊德全球智慧數據股票入息基金Ａ８多幣別穩定月配息股份－紐西蘭幣避險
931,KK26,FNDF,EUR,RR4,1,富蘭克林坦伯頓全球投資潛力歐洲基金
933,NN64,FNDF,USD,RR3,1,聯博全球高收益債券基金ＡＡ穩定月配美元
934,NND1,FNDF,AUD,RR3,1,聯博優化波動股票基金ＡＤ月配澳幣避險級別
936,QQ18,FNDF,USD,RR2,0,瑞銀（盧森堡）美元債券基金
941,3312,FNDD,TWD,RR3,1,群益平衡王基金
945,AV01,FNDF,USD,RR5,1,瑞萬通博新興市場股票基金Ｃ（美元）
950,AAB5,FNDF,USD,RR4,0,富達亞洲高收益基金Ｆ１美元穩定月配息
951,AAC7,FNDF,USD,RR4,1,富達歐洲基金美元避險
956,AG21,FNDF,USD,RR4,1,貝萊德世界能源基金美元
957,AG66,FNDF,EUR,RR3,1,貝萊德新興市場債券基金Ａ３歐元
959,BB16,FNDF,USD,RR5,1,安聯新興亞洲股票基金－Ａ配息類股（美元）
960,BB59,FNDF,AUD,RR5,1,安聯全球新興市場高股息基金－ＡＭ穩定月收類股（澳幣避險）
962,CCA5,FNDF,USD,RR3,1,摩根投資－ＪＰＭ多重收益美元對沖（Ａ股累計）基金
964,GG54,FNDF,USD,RR3,1,安本標準印度債券基金Ａ３配息
969,NN11,FNDF,USD,RR2,1,聯博短期債券基金Ａ２股美元
970,NN92,FNDF,AUD,RR5,1,聯博中國時機基金ＡＤ月配澳幣避險
973,1328,FNDD,TWD,RR2,0,保德信亞洲新興市場債券基金配息
974,2133,FNDD,TWD,RR5,1,野村巴西基金
975,2308,FNDD,TWD,RR5,1,柏瑞拉丁美洲基金
976,2444,FNDD,TWD,RR3,1,瀚亞策略印度傘型基金之印度策略收益平衡基金Ｂ類型－新臺幣
977,3037,FNDD,TWD,RR3,1,元大大中華豐益平衡基金新臺幣
984,AA94,FNDF,USD,RR2,1,富達全球通膨連結債券基金美元累積
985,5912,FNDD,CNY,RR4,1,柏瑞亞太高收益債券基金Ａ累積人民幣
995,CC07,FNDF,USD,RR5,1,摩根印度基金
996,CR26,FNDF,ZAR,RR3,0,ＮＢ新興市場本地貨幣債券基金Ｃ２股月配南非幣
998,NN53,FNDF,AUD,RR5,1,聯博亞洲股票基金Ａ股澳幣避險
999,OB14,FNDF,USD,RR3,1,法巴新興市場精選債券基金∕月配（美元）
1000,1407,FNDD,TWD,RR4,1,摩根新興日本基金
1001,2156,FNDD,TWD,RR4,1,野村新興收益傘型基金之邊境市場高收益主權債基金（累積新臺幣）
1002,2421,FNDD,TWD,RR5,1,瀚亞亞太不動產證券化基金Ａ類型
1012,AG49,FNDF,EUR,RR2,1,貝萊德歐元優質債券基金歐元配現
1013,AI12,FNDF,USD,RR3,1,瀚亞美國高收益債券基金配息
1014,AI56,FNDF,ZAR,RR5,0,瀚亞中國股票基金南非幣避險穩定月配
1018,CC28,FNDF,USD,RR4,1,摩根－ＪＰＭ歐洲美元（Ａ股分派）基金
1022,EE85,FNDF,JPY,RR4,1,景順日本動力基金Ａ股日圓
1024,NN33,FNDF,USD,RR3,1,聯博新興市場債券基金ＡＴ美元
1027,XX05,FNDF,USD,RR5,1,匯豐環球投資基金印度股票
1028,1120,FNDD,TWD,RR5,1,日盛中國內需動力基金
1030,2447,FNDD,TWD,RR3,1,瀚亞印度政府基礎建設債券基金Ａ類型－新臺幣
1034,4715,FNDD,ZAR,RR3,1,野村動態配置多重資產基金累積南非幣
1041,AA59,FNDF,EUR,RR4,1,富達歐盟５０Ｒ基金
1042,AC14,FNDF,EUR,RR3,1,天達環球策略歐洲高收益債券基金Ｃ２歐元
1046,AGB4,FNDF,AUD,RR3,1,貝萊德美元高收益債券基金Ａ８月配澳幣避險
1047,AH05,FNDF,USD,RR4,1,新加坡大華全球金融基金美元
1048,AI39,FNDF,AUD,RR3,1,瀚亞全球價值股票基金澳幣避險穩定月配
1049,AN08,FNDF,USD,RR3,1,ＤＷＳ投資全球高股息美元避險年配
1050,AP13,FNDF,USD,RR5,1,ＮＮ（Ｌ）新興市場增強股票基?Ｘ股美元
1051,AR22,FNDF,USD,RR3,1,ＮＢ新興市場本地貨幣債券基金Ｔ股月配美元
1052,CCB7,FNDF,AUD,RR4,1,摩根－ＪＰＭ美國澳幣（Ａ股累計）基金
1056,KKA8,FNDF,ZAR,RR3,1,富蘭克林坦伯頓全球投資新興國家固定收益基金南非幣避險Ａ（ＭＤＩＳ）股－Ｈ１
1059,NN18,FNDF,USD,RR3,1,聯博全球高收益債券基金ＡＴ股美元
1060,QQ30,FNDF,USD,RR3,1,瑞銀（盧森堡）歐元高收益債券基金（歐元）美元避險月配息
1062,1318,FNDD,TWD,RR5,1,保德信新興趨勢組合基金
1063,1336,FNDD,TWD,RR4,1,保德信策略成長ＥＴＦ組合基金新臺幣
1066,3713,FNDD,USD,RR4,1,國泰亞太入息平衡基金不配息美元
1067,3909,FNDD,CNY,RR4,1,復華新興市場高收益債券基金配息人民幣
1078,7001,FNDD,TWD,RR3,1,路博邁收益成長多重資產基金Ｔ累積（新臺幣）
1085,AGE6,FNDF,AUD,RR4,1,貝萊德全球智慧數據股票入息基金Ａ８多幣別穩定月配息股份－澳幣避險
1087,AR23,FNDF,AUD,RR3,1,ＮＢ新興市場本地貨幣債券基金Ｔ股累積澳幣
1090,CC60,FNDF,USD,RR2,1,摩根－ＪＰＭ美國複合收益債券美元（Ａ股分派）基金
1095,KK03,FNDF,USD,RR5,1,富蘭克林坦伯頓全球投資新興國家基金
1096,KK69,FNDF,USD,RR3,1,富蘭克林坦伯頓全球投資全球債券總報酬基金美元累積Ａ
1097,NN47,FNDF,AUD,RR3,1,聯博全球高收益債券基金ＡＴ股澳幣避險
1098,NN52,FNDF,USD,RR4,1,聯博美國永續主題基金
1099,PP09,FNDF,EUR,RR4,1,施羅德環球義大利股票（歐元）Ａ１－累積基金
1100,PP17,FNDF,USD,RR2,1,施羅德環球環球債券（美元）Ａ１－累積基金
1101,PP19,FNDF,HKD,RR4,1,施羅德環球香港股票（港元）Ａ１－累積基金
1102,PP59,FNDF,USD,RR5,1,施羅德環球亞洲小型公司（美元）Ａ１－累積基金
1105,WW24,FNDF,EUR,RR3,1,霸菱成熟及新興市場高收益債券基金－Ａ類歐元避險配息型
1106,1116,FNDD,TWD,RR4,1,日盛首選基金
1109,2146,FNDD,TWD,RR3,1,野村動態配置多重資產基金月配
1110,2423,FNDD,TWD,RR4,1,瀚亞亞太基礎建設基金
1112,3042,FNDD,TWD,RR3,1,元大新興亞洲美元債券基金新臺幣（Ｂ）月配息
1116,7321,FNDD,TWD,RR4,0,柏瑞亞太高收益債券基金Ｎ月配台幣
1120,AG30,FNDF,USD,RR3,1,貝萊德環球資產配置基金美元
1124,KK40,FNDF,USD,RR3,1,富蘭克林坦伯頓全球投資穩定月收益基金
1125,MM14,FNDF,EUR,RR2,1,安聯國際債券基金－Ａ配息類股（歐元）
1127,NN70,FNDF,USD,RR3,1,聯博歐洲收益基金ＡＡ穩定月配美元避險
1128,NN69,FNDF,AUD,RR3,1,聯博新興市場債券基金ＡＡ穩定月配澳幣避險
1129,NN88,FNDF,EUR,RR4,1,聯博新興市場多元收益基金ＡＤ月配歐元避險
1131,NN95,FNDF,ZAR,RR3,1,聯博全球價值型基金ＡＤ月配南非幣避險
1132,OB18,FNDF,USD,RR5,1,法巴俄羅斯股票基金Ｃ（美元）
1133,PP06,FNDF,EUR,RR4,1,施羅德環球歐洲大型股（歐元）Ａ１－累積基金
1134,PP70,FNDF,USD,RR3,1,施羅德傘型基金ＩＩ－亞洲高息股債基金（美元）Ａ－月配基金
1138,1441,FNDD,TWD,RR5,1,摩根中國Ａ股基金
1141,2107,FNDD,TWD,RR5,1,野村中小基金
1142,2522,FNDD,TWD,RR3,1,安聯四季雙收入息組合基金－Ｂ類型（月配息）－新臺幣
1145,5013,FNDD,TWD,RR3,1,貝萊德享退休系列２０５０目標日期組合基金－新臺幣
1147,5402,FNDD,CNY,RR4,1,摩根亞洲總合高收益債券基金月配息型人民幣
1148,5405,FNDD,CNY,RR4,1,摩根中國雙息平衡基金累積型人民幣
1149,AT27,FNDF,USD,RR5,1,百達俄羅斯股票Ｒ美元
1157,AAB7,FNDF,USD,RR3,1,富達全球入息基金累積美元
1159,AGE8,FNDF,USD,RR5,1,貝萊德新興市場股票收益基金Ａ２美元
1160,AP46,FNDF,USD,RR3,1,ＮＮ（Ｌ）旗艦多元資產基金Ｘ股對沖級別美元（月配息）
1161,AP52,FNDF,USD,RR4,1,ＮＮ（Ｌ）邊境市場債券基金Ｘ股美元（月配息）
1166,CCA7,FNDF,AUD,RR3,1,摩根投資－ＪＰＭ多重收益澳幣對沖（Ａ股利率入息）基金
1169,GG46,FNDF,USD,RR3,0,安本標準新興市場公司債券基金Ａ月配息美元
1171,KK75,FNDF,USD,RR4,1,富蘭克林坦伯頓全球投資美國機會基金美元
1173,MM22,FNDF,EUR,RR4,1,安聯歐洲成長基金－Ａ配息類股（歐元）
1174,NN02,FNDF,USD,RR4,1,聯博國際科技基金Ａ股美元
1175,1446,FNDD,TWD,RR4,1,摩根中國雙息平衡基金累積型
1177,2443,FNDD,TWD,RR3,1,瀚亞策略印度傘型基金之印度策略收益平衡基金Ａ類型－新臺幣
1178,2806,FNDD,TWD,RR3,1,富蘭克林華美富蘭克林全球債券組合基金分配
1191,FE42,FNDF,USD,RR4,0,富蘭克林坦伯頓全球投資天然資源基金美元Ｆ（ＡＣＣ）股
1196,AA12,FNDF,USD,RR5,1,富達馬來西亞基金
1197,AB01,FNDF,USD,RR4,1,天達環球策略美國股票基金Ｃ收益股份
1199,AGE4,FNDF,USD,RR4,1,貝萊德全球智慧數據股票入息基金Ａ６美元（穩定配息）
1200,AP37,FNDF,USD,RR4,1,ＮＮ（Ｌ）歐元高股息基金Ｘ股對沖級別美元（月配息）
1206,CCD4,FNDF,EUR,RR4,1,摩根投資－ＪＰＭ歐洲策略股息歐元（Ａ股累計）基金
1208,EE40,FNDF,AUD,RR4,1,景順亞洲平衡基金Ａ－穩定月配息（澳幣對沖）股澳幣
1211,QQ44,FNDF,USD,RR3,1,瑞銀（盧森堡）策略基金－收益型（美元）
1212,2143,FNDD,TWD,RR3,1,野村環球基金台幣
1213,2326,FNDD,TWD,RR3,1,柏瑞環球多元資產基金Ｂ月配台幣
1214,3315,FNDD,TWD,RR5,1,群益亞太中小基金
1217,4928,FNDD,CNY,RR4,1,群益全球地產入息基金人民幣累積
1228,AA99,FNDF,EUR,RR2,1,富達歐元債券基金累積
1232,AG11,FNDF,EUR,RR4,1,貝萊德歐洲特別時機基金Ａ２歐元
1233,AG13,FNDF,EUR,RR4,1,貝萊德歐洲價值型基金歐元
1234,AG24,FNDF,USD,RR3,1,貝萊德世界健康科學基金美元
1235,AGC3,FNDF,USD,RR4,1,貝萊德歐洲特別時機基金Ａ２美元
1236,AH06,FNDF,USD,RR4,1,新加坡大華全球科技基金美元
1237,AP54,FNDF,ZAR,RR4,1,ＮＮ（Ｌ）邊境市場債券基金Ｘ股對沖級別南非幣（月配息）
1240,BB66,FNDF,USD,RR4,1,安聯ＡＩ人工智慧基金－ＡＴ累積類股（美元）
1241,CCB1,FNDF,USD,RR3,1,摩根－ＪＰＭ新興市場企業債券美元（Ａ股每月派息）基金
1242,CCC5,FNDF,USD,RR4,1,摩根－ＪＰＭ歐洲動力美元對沖（Ａ股累計）基金
1244,JJ08,FNDF,USD,RR4,1,富蘭克林潛力組合基金
1245,NN30,FNDF,USD,RR5,1,聯博中國時機基金Ａ美元
1247,QQ38,FNDF,EUR,RR4,0,瑞銀歐元區國家收益基金
1250,2442,FNDD,TWD,RR3,1,瀚亞全球策略收益股票基金Ｂ台幣
1251,4627,FNDD,USD,RR5,1,瀚亞印度基金－美元
1252,4712,FNDD,CNY,RR3,1,野村動態配置多重資產基金月配人民幣
1254,4832,FNDD,USD,RR3,1,富蘭克林華美全球醫療保健基金－美元
1259,6214,FNDD,CNY,RR5,1,統一強漢基金人民幣
1260,9352,FNDD,TWD,RR3,0,群益全球優先順位高收益債券基金ＮＢ月配型臺幣
1262,AA79,FNDF,EUR,RR4,1,富達歐洲大型企業基金
1264,AG14,FNDF,GBP,RR4,1,貝萊德英國基金英鎊
1265,AH07,FNDF,USD,RR4,1,新加坡大華日本成長基金美元
1266,AI49,FNDF,ZAR,RR3,1,瀚亞全球新興市場債券基金穩定月配南非幣避險
1268,BB49,FNDF,EUR,RR4,1,安聯歐洲高息股票基金－ＡＭ穩定月收類股（歐元）
1272,PP07,FNDF,EUR,RR4,1,施羅德環球歐洲小型公司（歐元）Ａ１－累積基金
1274,1402,FNDD,TWD,RR5,1,摩根新興科技基金
1275,2033,FNDD,TWD,RR4,1,國泰全球高股息基金
1277,2149,FNDD,TWD,RR4,1,野村日本領先基金
1279,2902,FNDD,TWD,RR4,1,復華高成長基金
1280,3340,FNDD,TWD,RR3,1,群益中國金采平衡基金台幣累積
1283,AA40,FNDF,USD,RR5,1,富達太平洋基金
1286,7107,FNDD,ZAR,RR3,1,路博邁收益成長多重資產基金Ｔ累積（南非幣）
1288,AAA4,FNDF,USD,RR3,1,富達美元高收益基金累積
1292,AF74,FNDF,USD,RR2,0,鋒匯理Ⅱ－美元綜合債券Ａ股美元月配穩定配息
1293,AP38,FNDF,ZAR,RR3,1,ＮＮ（Ｌ）新興市場債券基金Ｘ股對沖級別南非幣（月配息）
1294,AP42,FNDF,USD,RR3,1,ＮＮ（Ｌ）環球高收益基金Ｘ股對沖級別美元（月配息）
1295,CCA2,FNDF,EUR,RR3,1,摩根投資－ＪＰＭ多重收益歐元（Ａ股每季派息）基金
1296,EE57,FNDF,USD,RR3,1,景順環球高收益債券基金Ａ－半年配息股美元
1298,JJ09,FNDF,USD,RR4,1,富蘭克林高成長基金
1299,NN12,FNDF,USD,RR3,1,聯博全球高收益債券基金Ａ２股美元
1303,WW22,FNDF,EUR,RR3,1,霸菱成熟及新興市場高收益債券基金－Ａ類歐元配息型季配
1316,AGA4,FNDF,USD,RR3,1,貝萊德環球高收益債券基金Ａ６美元穩定配息
1322,NN96,FNDF,AUD,RR3,1,聯博全球價值型基金ＡＤ月配澳幣避險
1323,1306,FNDD,TWD,RR4,0,保信台商全方位基金
1325,2155,FNDD,TWD,RR3,1,野村新興收益傘型基金之中國境內新興債券基金（新臺幣）
1327,3309,FNDD,TWD,RR2,1,群益多重收益組合基金
1328,3723,FNDD,AUD,RR2,1,國泰智富傘型基金之ＥＴＦ安鑫組合基金－澳幣Ａ類型（不配息）
1331,4922,FNDD,USD,RR5,1,群益東協成長基金美元
1333,4934,FNDD,USD,RR3,1,群益全球特別股收益基金美元累積
1334,5005,FNDD,TWD,RR4,1,貝萊德亞洲高收益債券基金月配新台幣
1337,5608,FNDD,CNY,RR4,1,台新全球不動產入息基金人民幣Ｂ月配
1345,AO17,FNDF,USD,RR2,1,ＰＩＭＣＯ全球實質回報債券基金Ｅ級類別收
1346,AO29,FNDF,USD,RR3,1,ＰＩＭＣＯ多元收益債券基金Ｍ級月收強化股份
1347,AP21,FNDF,AUD,RR3,1,ＮＮ（Ｌ）亞洲債券基金Ｘ股對沖級別澳幣（月配息）
1348,AR25,FNDF,ZAR,RR3,1,ＮＢ新興市場本地貨幣債券基金Ｔ股累積南非幣
1350,BP20,FNDF,AUD,RR2,0,ＮＮ（Ｌ）投資級公司債基金Ｙ股對沖級別澳幣（月配息）
1351,CCD5,FNDF,USD,RR4,1,摩根投資－ＪＰＭ歐洲策略股息美元對沖（Ａ股累計）基金
1352,NN65,FNDF,AUD,RR3,1,聯博全球高收益債券基金ＡＡ穩定月配澳幣避險
1355,1230,FNDD,TWD,RR4,1,統一全球動態多重資產基金新臺幣累積
1356,2831,FNDD,TWD,RR3,1,富蘭克林華美全球醫療保健基金－新台幣
1357,2924,FNDD,TWD,RR2,1,復華全球債券基金
1359,3211,FNDD,TWD,RR5,1,永豐中國經濟建設基金－台幣
1362,3715,FNDD,CNY,RR4,1,國泰亞太入息平衡基金不配息人民幣
1363,4615,FNDD,CNY,RR4,1,瀚亞亞太豐收平衡基金Ａ－人民幣
1364,NN16,FNDF,USD,RR3,1,聯博美國收益基金ＡＴ股美元
1365,5808,FNDD,CNY,RR3,1,聯博債券收益組合基金ＡＡ類型人民幣
1368,AA05,FNDF,USD,RR5,1,富達東協基金
1369,AAB3,FNDF,EUR,RR3,1,富達歐洲高收益基金Ｆ１歐元穩定月配息
1370,AAC2,FNDF,AUD,RR4,1,富達美國基金Ａ累積型澳幣避險
1371,AF05,FNDF,USD,RR5,0,鋒匯理Ⅱ－新興歐洲及地中海股票Ａ２美元
1372,AF37,FNDF,USD,RR3,0,鋒匯理Ⅱ－環球高收益ＡＸＤ美元
1378,CC89,FNDF,USD,RR3,1,摩根－ＪＰＭ新興市場本地貨幣債券美元（Ａ股每月派息）基金
1381,KK81,FNDF,EUR,RR5,1,富蘭克林坦伯頓全球投資新興國家小型企業基金歐元
1383,NN77,FNDF,USD,RR4,1,聯博全球不動產證券基金ＡＤ美元
1386,PP13,FNDF,USD,RR5,1,施羅德環球新興市場（美元）Ａ１－累積基金
1387,PP47,FNDF,USD,RR4,1,施羅德環球環球能源（美元）Ａ１－累積基金
1388,QQ15,FNDF,USD,RR4,1,瑞銀（盧森堡）美國小型股票基金（美元）
1391,2512,FNDD,TWD,RR4,1,安聯全球農金趨勢基金
1392,2515,FNDD,TWD,RR5,1,安聯中國策略基金
1393,2530,FNDD,TWD,RR4,1,安聯台灣大壩基金－Ａ類型－新臺幣
1395,2920,FNDD,TWD,RR4,1,復華新興市場高收益債券基金
1397,3344,FNDD,TWD,RR4,1,群益全球地產入息基金台幣累積
1398,3805,FNDD,TWD,RR3,1,合庫全球高收益債券基金Ｂ類配息
1399,3902,FNDD,ZAR,RR2,1,復華南非幣短期收益基金Ｂ配息
1400,3912,FNDD,CNY,RR4,1,復華中國新經濟平衡基金人民幣配息
1403,AT22,FNDF,USD,RR4,1,百達水資源ＨＲ美元
1406,UF58,FNDF,ZAR,RR3,0,鋒匯理Ⅱ－新興市場債券Ｕ股南非幣收益穩定配息
1408,8902,FNDD,CNY,RR3,0,柏瑞中國平衡基金Ｎ類型人民幣
1410,AA17,FNDF,EUR,RR2,1,富達歐元債券基金
1411,AA48,FNDF,USD,RR4,1,富達美國成長基金
1412,AAC1,FNDF,EUR,RR3,1,富達全球入息基金Ｆ１歐元配息
1424,EE37,FNDF,USD,RR5,1,景順大中華基金
1426,GG07,FNDF,USD,RR4,0,安本標準北美股票基金Ａ累積美元
1427,GG49,FNDF,USD,RR4,0,安本標準日本股票基金Ａ累積美元避險
1428,KK98,FNDF,USD,RR3,1,富蘭克林坦伯頓全球投資歐洲高收益基金美元避險
1429,PP10,FNDF,USD,RR5,0,施羅德環球亞洲優勢（美元）Ａ１－累積基金
1433,2521,FNDD,TWD,RR3,1,安聯四季雙收入息組合基金－Ａ類型（累積）－新臺幣
1434,3201,FNDD,TWD,RR4,1,永豐永豐基金
1436,3335,FNDD,TWD,RR3,1,群益工業國入息月配基金
1438,4731,FNDD,CNY,RR3,1,野村新興收益傘型基金之中國境內新興債券基金（人民幣）
1444,AA84,FNDF,USD,RR5,1,富達中國聚焦基金
1446,AGE9,FNDF,USD,RR5,1,貝萊德新興市場股票收益基金Ａ６美元（穩定配息）
1447,AI53,FNDF,USD,RR5,0,瀚亞中國股票基金美元穩定月配
1452,KK31,FNDF,USD,RR4,1,富蘭克林坦伯頓全球投資互利歐洲基金美元
1453,NNC1,FNDF,USD,RR4,1,聯博歐洲股票基金ＡＤ月配美元避險
1455,PP46,FNDF,USD,RR3,1,施羅德環球環球計量精選價值（美元）Ａ１－累積基金
1456,PP56,FNDF,USD,RR5,1,施羅德環球中東海灣（美元）Ａ１－累積基金
1457,PP57,FNDF,USD,RR5,1,施羅德環球亞太城市房地產股票（美元）Ａ１－累積基金
1458,QQ31,FNDF,AUD,RR3,1,瑞銀（盧森堡）歐元高收益債券基金（歐元）澳幣避險月配息
1462,WW03,FNDF,USD,RR4,0,霸菱歐寶基金美元
1467,2729,FNDD,TWD,RR4,1,台新高股息平衡基金
1469,2941,FNDD,TWD,RR5,1,復華亞太神龍科技基金－新臺幣
1473,1440,FNDD,TWD,RR3,0,摩新興龍虎企業債券基金累積型
1488,AG06,FNDF,USD,RR4,1,貝萊德美國特別時機基金美元
1493,CC85,FNDF,USD,RR3,1,摩根投資－ＪＰＭ環球高收益債券美元（Ａ股每月派息）基金
1494,CCE4,FNDF,EUR,RR4,1,摩根－ＪＰＭ歐洲動力歐元（Ａ股分派）基金
1503,3112,FNDD,TWD,RR4,1,施羅德全球策略高收益債券基金配息型
1504,3351,FNDD,TWD,RR3,1,群益全球優先順位高收益債券基金Ａ累積型臺幣
1505,4808,FNDD,CNY,RR5,1,富蘭克林華美中國傘型基金之中國Ａ股基金人民幣
1514,AGA6,FNDF,EUR,RR4,1,貝萊德營養科學基金ＨｅｄｇｅｄＡ２歐元
1515,AH14,FNDF,USD,RR5,1,新加坡大華泛華基金美元
1516,AI07,FNDF,USD,RR3,1,瀚亞全球價值股票基金Ａ
1517,AI11,FNDF,USD,RR2,1,瀚亞美國優質債券基金配息
1521,NN84,FNDF,ZAR,RR3,1,聯博美國收益基金ＡＡ月配南非幣避險
1525,1403,FNDD,TWD,RR4,1,摩根台灣增長基金
1527,2607,FNDD,TWD,RR5,1,元大全球新興市場精選組合基金
1528,2925,FNDD,TWD,RR4,1,復華全球消費基金－新臺幣
1529,2937,FNDD,TWD,RR4,1,復華台灣智能基金
1530,3717,FNDD,CNY,RR4,1,國泰全球高股息基金人民幣
1535,6304,FNDD,TWD,RR4,1,瑞銀亞洲高收益債券基金Ｂ類型（月配息）
1540,AO10,FNDF,USD,RR4,1,ＰＩＭＣＯ美國股票增益基金Ｅ級類別累積股份
1541,AP24,FNDF,USD,RR4,1,ＮＮ（Ｌ）美國高股息基金Ｘ股美元
1544,CCB5,FNDF,AUD,RR3,1,摩根－ＪＰＭ新興市場本地貨幣債券澳幣對沖（Ａ股利率入息）基金
1545,CCF1,FNDF,USD,RR4,1,摩根－ＪＰＭ美國價值美元（Ａ股分派）基金
1546,GG53,FNDF,USD,RR3,0,安本標準印度債券基金Ａ２
1547,JJ04,FNDF,USD,RR3,1,富蘭克林公用事業基金美元Ａ１股
1548,KK20,FNDF,USD,RR4,1,富蘭克林坦伯頓全球投資互利美國價值基金
1552,2153,FNDD,TWD,RR4,1,野村亞太收益多重資產基金（新臺幣累積）
1553,2525,FNDD,TWD,RR3,1,安聯目標收益基金－Ｂ類型（月配息）－新臺幣
1554,3030,FNDD,TWD,RR4,1,元大全球股票入息基金台幣月配
1555,3212,FNDD,TWD,RR5,1,永豐領航科技基金新臺幣
1556,3804,FNDD,TWD,RR3,1,合庫全球高收益債券基金Ａ類累積
1563,5806,FNDD,ZAR,RR3,1,聯博多元資產收益組合基金ＡＤ類型南非幣
1567,AW01,FNDF,USD,RR3,1,野村愛爾蘭美國高收益債券基金（ＴＤ美元類股）
1574,AF50,FNDF,USD,RR3,0,鋒匯理Ⅱ－新興市場債券Ａ２美元
1578,AG75,FNDF,EUR,RR4,1,貝萊德世界能源基金歐元
1580,AI28,FNDF,AUD,RR2,1,瀚亞美國優質債券基金澳幣避險月配級別
1582,CCC6,FNDF,AUD,RR4,1,摩根－ＪＰＭ歐洲動力澳幣對沖（Ａ股累計）基金
1585,KK15,FNDF,USD,RR3,1,富蘭克林坦伯頓全球投資全球平衡基金
1586,KK52,FNDF,USD,RR4,1,富蘭克林坦伯頓全球投資亞洲小型企業基金美元
1587,NN09,FNDF,USD,RR3,1,聯博美國收益基金Ａ２股美元
1588,NN28,FNDF,EUR,RR3,1,聯博全球高收益債券基金Ａ２股歐元
1589,NN66,FNDF,USD,RR3,1,聯博美國收益基金ＡＡ穩定月配美元
1593,1416,FNDD,TWD,RR3,1,摩根全球α基金
1594,1438,FNDD,TWD,RR4,1,摩根亞洲總合高收益債券基金累積型
1596,2614,FNDD,TWD,RR4,1,元大２００１基金
1597,2814,FNDD,TWD,RR3,1,富蘭克林華美全球高收益債券基金累積型
1615,SS17,FNDF,USD,RR3,1,柏瑞環球環球動態資產配置基金ＡＤＣＴ股月配型－美元
1617,1104,FNDD,TWD,RR5,1,日盛高科技基金
1619,2101,FNDD,TWD,RR4,1,野村優質基金
1620,2111,FNDD,TWD,RR4,0,野歐洲高股息基金
1621,2147,FNDD,TWD,RR3,1,野村美利堅高收益債基金累積類型
1624,2520,FNDD,TWD,RR3,1,安聯四季豐收債券組合基金－Ｂ類型（月配息）－新臺幣
1627,3334,FNDD,TWD,RR3,1,群益工業國入息基金Ａ累積型（台幣）
1635,6105,FNDD,USD,RR3,1,貝萊德全球多元因子ＥＴＦ組合基金累積美元
1638,9106,FNDD,AUD,RR3,0,路博邁收益成長多重資產基金Ｎ月配（澳幣）
1642,AF44,FNDF,EUR,RR2,0,鋒匯理Ⅱ－策略收益ＡＸＤ歐元對沖
1643,AF69,FNDF,USD,RR3,0,鋒匯理Ⅱ－新興市場債券Ａ股美元月配穩定配息
1646,AI45,FNDF,ZAR,RR4,1,瀚亞亞洲股票收益基金南非幣避險穩定月配
1647,AK04,FNDF,USD,RR5,1,駿利亨德森遠見亞洲股息收益Ａ３美元
1649,CC97,FNDF,USD,RR5,1,摩根亞洲增長基金
1650,NNC5,FNDF,ZAR,RR3,1,聯博全球多元收益基金ＡＤ月配南非幣避險
1653,SS15,FNDF,USD,RR3,1,柏瑞環球環球動態資產配置基金ＡＤＣ股月配型－美元
1656,1620,FNDD,TWD,RR4,1,第一金創新趨勢基金
1658,1920,FNDD,TWD,RR4,1,匯豐全球關鍵資源基金
1659,2435,FNDD,TWD,RR2,1,瀚亞債券精選組合基金Ｂ配息
1662,3343,FNDD,TWD,RR5,1,群益大印度基金台幣
1666,UF51,FNDF,USD,RR3,0,鋒匯理Ⅱ－新興市場債券ＵＸＤ美元
1670,AH09,FNDF,USD,RR4,0,新加坡大華全球房地產收益基金美元
1671,FE41,FNDF,USD,RR3,0,富蘭克林坦伯頓全球投資新興國家固定收益基金美元Ｆ（ＭＤＩＳ）股
1675,AA83,FNDF,USD,RR5,1,富達亞太入息基金
1678,AF32,FNDF,USD,RR2,0,鋒匯理Ⅱ－策略收益Ａ２美元
1681,AG65,FNDF,USD,RR3,1,貝萊德新興市場債券基金Ａ３美元
1682,AGD7,FNDF,ZAR,RR3,1,貝萊德全球股票收益基金Ａ８月配息南非幣避險
1683,AH52,FNDF,SGD,RR4,1,新加坡大華新加坡增長基金星幣
1684,AI57,FNDF,JPY,RR4,1,瀚亞日本動力股票基金ＡＪ日圓
1685,AK03,FNDF,USD,RR4,1,駿利亨德森遠見全球科技基金
1689,JJ01,FNDF,USD,RR5,1,富蘭克林黃金基金
1691,MM07,FNDF,EUR,RR4,1,安聯德國基金－Ａ配息類股（歐元）
1693,WW02,FNDF,USD,RR5,0,霸菱拉丁美洲基金美元
1695,1202,FNDD,TWD,RR4,1,統一龍馬基金
1697,2206,FNDD,TWD,RR4,1,景順潛力基金
1698,2427,FNDD,TWD,RR5,1,瀚亞巴西基金
1699,2502,FNDD,TWD,RR5,1,安聯亞洲動態策略基金
1700,2503,FNDD,TWD,RR2,1,安聯全球債券基金－Ａ類型（累積）
1701,2534,FNDD,TWD,RR3,1,安聯收益成長多重資產基金－Ａ類型（累積）－新臺幣
1702,2719,FNDD,TWD,RR4,1,台新亞澳高收益債券基金累積型
1703,2917,FNDD,TWD,RR4,1,復華復華基金
1714,AA14,FNDF,USD,RR5,1,富達泰國基金
1717,AG25,FNDF,USD,RR4,1,貝萊德世界礦業基金美元
1718,AG48,FNDF,USD,RR3,1,貝萊德亞洲老虎債券基金美元配現
1719,AG84,FNDF,EUR,RR3,1,貝萊德環球資產配置基金歐元
1722,AO24,FNDF,USD,RR2,1,ＰＩＭＣＯ全球債券基金Ｅ級類別收息
1724,CC42,FNDF,USD,RR4,1,摩根－ＪＰＭ美國企業成長美元（Ａ股分派）基金
1725,CCE3,FNDF,USD,RR4,1,摩根－ＪＰＭ美國美元（Ａ股分派）基金
1726,CCF4,FNDF,USD,RR5,1,摩根－ＪＰＭ拉丁美洲美元（Ａ股分派）基金
1728,EE29,FNDF,USD,RR4,1,景順日本小型企業基金Ａ－年配息股美元
1729,MM03,FNDF,EUR,RR3,1,安聯全球股票基金－Ａ配息類股（歐元）
1730,NN45,FNDF,USD,RR3,1,聯博歐洲收益基金ＡＴ股美元
1731,NN89,FNDF,AUD,RR4,1,聯博新興市場多元收益基金ＡＤ月配澳幣避險
1732,NN87,FNDF,USD,RR4,1,聯博新興市場多元收益基金ＡＤ月配美元
1735,WW51,FNDF,EUR,RR5,0,霸菱東歐基金歐元
1738,1909,FNDD,TWD,RR4,1,匯豐龍鳳基金－Ａ類型
1739,5011,FNDD,TWD,RR2,1,貝萊德享退休系列２０３０目標日期組合基金－新臺幣
1740,AT24,FNDF,EUR,RR4,1,百達保安Ｒ歐元
1741,1122,FNDD,TWD,RR4,1,日盛亞洲高收益債券基金月配型
1746,FCG1,FNDF,USD,RR3,0,摩根投資－ＪＰＭ多重收益美元對沖（Ｆ股利率入息）基金
1752,AF40,FNDF,EUR,RR5,0,鋒匯理Ⅱ－新興市場股票Ａ２歐元
1755,AG55,FNDF,EUR,RR5,1,貝萊德拉丁美洲基金歐元
1758,AGA2,FNDF,USD,RR3,1,貝萊德亞洲老虎債券基金Ａ６美元穩定配息
1761,BB14,FNDF,USD,RR5,1,安聯泰國股票基金－Ａ配息類股（美元）
1762,BB48,FNDF,EUR,RR4,1,安聯歐洲高息股票基金－ＡＴ累積類股（歐元）
1763,CC87,FNDF,USD,RR5,1,摩根－ＪＰＭ巴西美元（Ａ股累計）基金
1766,NNB8,FNDF,USD,RR4,1,聯博歐元區股票基金Ａ級別美元
1767,QQ02,FNDF,CAD,RR4,1,瑞銀（盧森堡）加拿大股票基金（加幣）
1768,UU22,FNDF,USD,RR3,0,天利盧森堡全球新興市場短期債券美配
1769,WW04,FNDF,USD,RR4,0,霸菱全球資源基金美元
1770,1208,FNDD,TWD,RR4,1,統一全天候基金
1771,1218,FNDD,TWD,RR4,1,統一台灣動力基金
1772,1426,FNDD,TWD,RR5,1,摩根東方內需機會基金
1773,2808,FNDD,TWD,RR3,1,富蘭克林華美積極回報債券組合基金分配型
1778,5825,FNDD,AUD,RR3,1,聯博多元資產收益組合基金ＡＩ類型澳幣
1780,6601,FNDD,TWD,RR3,0,中國信託多元入息平衡基金累積
1783,AF35,FNDF,USD,RR3,0,鋒匯理Ⅱ－環球高收益Ａ２美元
1788,CCD8,FNDF,USD,RR3,1,摩根－ＪＰＭ環球策略債券美元（Ａ股累計）基金
1790,JJ15,FNDF,USD,RR3,1,富蘭克林坦伯頓成長基金
1791,KK25,FNDF,USD,RR5,0,富蘭克林坦伯頓全球投資泰國基金
1794,MM15,FNDF,EUR,RR2,1,安聯歐洲債券基金－Ａ配息類股（歐元）
1798,PP23,FNDF,USD,RR3,1,施羅德環球亞洲債券（美元）Ａ１－累積基金
1800,PPA7,FNDF,USD,RR2,1,施羅德環球環球收息債券（美元）Ａ－月配固定基金
1805,2409,FNDD,TWD,RR4,1,瀚亞歐洲基金
1806,2446,FNDD,TWD,RR3,1,瀚亞策略印度傘型基金之印度策略收益債券基金Ｂ類型－新臺幣
1808,2926,FNDD,TWD,RR4,1,復華美國新星基金－新臺幣
1816,9002,FNDD,TWD,RR3,0,路博邁收益成長多重資產基金Ｎ月配（新臺幣）
1821,AC15,FNDF,USD,RR3,1,天達環球策略環球策略管理基金Ｃ收益股份
1824,AG40,FNDF,USD,RR3,1,貝萊德美元高收益債券基金美元
1825,AI06,FNDF,USD,RR3,1,瀚亞亞洲債券基金
1827,AO22,FNDF,USD,RR3,1,ＰＩＭＣＯ新興市場債券基金Ｍ級美月收息股
1830,KK06,FNDF,EUR,RR3,1,富蘭克林坦伯頓全球投資全球氣候變遷基金（ＹＤＩＳ）歐元
1832,KK67,FNDF,AUD,RR2,1,富蘭克林坦伯頓全球投資全球債券澳幣避險Ｈ１月配
1834,NN27,FNDF,EUR,RR3,1,聯博美國收益基金ＡＴ股歐元
1835,PP51,FNDF,USD,RR5,1,施羅德環球新興市場股債優勢（美元）Ａ１－累積基金
1836,PP65,FNDF,AUD,RR2,1,施羅德環球環球企業債券（澳幣避險）Ａ１－月配浮動（Ｃ）基金
1840,2313,FNDD,TWD,RR4,1,柏瑞新興市場高收益債券基金Ａ類型
1841,2619,FNDD,TWD,RR5,1,元大巴西指數基金
1843,4834,FNDD,USD,RR3,1,富蘭克林華美特別股收益基金美元分配型
1845,5002,FNDD,TWD,RR4,1,貝萊德寶利基金
1847,AT03,FNDF,EUR,RR4,1,百達智慧城市Ｒ歐元
1852,6307,FNDD,TWD,RR3,1,瑞銀全方位高收益債券基金臺幣Ｂ類型（月配息）
1856,AA61,FNDF,EUR,RR3,1,富達全球電訊基金
1857,AA75,FNDF,USD,RR3,1,富達美元高收益基金月配Ａ
1859,AP33,FNDF,AUD,RR3,1,ＮＮ（Ｌ）環球高股息基金Ｘ股對沖級別澳幣（月配息）
1861,BB51,FNDF,ZAR,RR3,1,安聯收益成長基金－ＡＭ穩定月收類股（南非幣避險）
1864,CC03,FNDF,USD,RR5,1,摩根東協基金（美元）（累計）
1865,CC79,FNDF,USD,RR5,1,摩根－ＪＰＭ中國美元（Ａ股分派）基金
1866,KK54,FNDF,USD,RR5,1,富蘭克林坦伯頓全球投資新興國家小型企業基金美元
1867,NNC9,FNDF,USD,RR3,1,聯博優化波動股票基金ＡＤ月配級別美元
1868,NNB5,FNDF,EUR,RR4,1,聯博歐洲股票基金Ａ級別歐元
1870,QQ20,FNDF,EUR,RR3,1,瑞銀（盧森堡）歐元高收益債券基金（歐元）
1872,QQ34,FNDF,USD,RR4,1,瑞銀（盧森堡）美國總收益股票基金月配息
1876,2128,FNDD,TWD,RR5,1,野村中國機會基金
1877,2134,FNDD,TWD,RR3,1,野村新興高收益債組合基金累積類型
1879,2603,FNDD,TWD,RR3,1,元大全球ＥＴＦ穩健組合基金
1885,FE32,FNDF,USD,RR4,0,富蘭克林坦伯頓全球投資生技領航基金美元Ｆ（ＡＣＣ）股
1888,AA11,FNDF,EUR,RR4,1,富達義大利基金
1889,AAC5,FNDF,USD,RR4,1,富達歐元藍籌基金美元避險
1891,AG23,FNDF,USD,RR5,1,貝萊德世界黃金基金美元
1892,AG54,FNDF,USD,RR2,0,貝萊德美國政府房貸債券基金美元配現
1893,AGA8,FNDF,USD,RR3,1,貝萊德全球股票收益基金Ａ６美元穩定配息
1895,CCE5,FNDF,USD,RR3,1,摩根－ＪＰＭ環球靈活策略股票（Ａ股分派）基金
1897,QQ48,FNDF,USD,RR5,1,瑞銀（盧森堡）全球新興市場精選股票基金（美元）
1903,2511,FNDD,TWD,RR4,1,安聯全球人口趨勢基金
1904,2807,FNDD,TWD,RR3,1,富蘭克林華美積極回報債券組合基金累積型
1905,3004,FNDD,TWD,RR5,1,元大亞太成長基金
1906,3025,FNDD,TWD,RR3,0,元全球靈活配置債券組合基金
1912,AH61,FNDF,SGD,RR3,1,新加坡大華全球保健基金星幣
1916,7446,FNDD,TWD,RR3,0,瀚亞策略印度傘型基金之印度策略收益債券基金Ｓ類型－新臺幣
1920,AA52,FNDF,EUR,RR4,1,富達南歐基金
1921,AA85,FNDF,USD,RR4,0,富達亞洲高收益基金Ａ股月配
1922,AP07,FNDF,USD,RR2,1,ＮＮ（Ｌ）投資級公司債基金Ｘ股美元
1923,AR12,FNDF,AUD,RR4,1,ＮＢ美國房地產基金Ｔ股累積澳幣
1924,BB35,FNDF,USD,RR5,1,安聯中國股票基金－Ａ配息類股（美元）
1925,BB42,FNDF,EUR,RR5,1,安聯亞太高息股票基金－Ａ配息類股（歐元）
1926,BB56,FNDF,USD,RR3,1,安聯亞洲靈活債券基金－ＡＭ穩定月收類股（美元）
1928,CC78,FNDF,EUR,RR3,1,摩根－ＪＰＭ新興市場債券歐元對沖（Ａ股每月派息）基金
1932,NN55,FNDF,NZD,RR3,1,聯博全球高收益債券基金ＡＴ股紐幣避險
1933,NN82,FNDF,ZAR,RR3,1,聯博新興市場債券基金ＡＡ月配南非幣避險
1934,NN85,FNDF,ZAR,RR3,1,聯博房貸收益基金ＡＡ月配南非幣避險
1937,VV11,FNDF,USD,RR3,1,駿利亨德森靈活入息基金Ａ１美元
1939,2036,FNDD,TWD,RR2,1,國泰智富傘型基金之ＥＴＦ安鑫組合基金－臺幣Ａ類型（不配息）
1941,2157,FNDD,TWD,RR4,1,野村新興收益傘型基金之邊境市場高收益主權債基金（月配新臺幣）
1942,2314,FNDD,TWD,RR4,1,柏瑞新興市場高收益債券基金Ｂ類型
1945,3205,FNDD,TWD,RR5,1,永豐亞洲民生消費基金
1946,3311,FNDD,TWD,RR5,1,群益華夏盛世基金
1947,4614,FNDD,ZAR,RR4,1,瀚亞亞太豐收平衡基金Ｂ－南非幣
1957,AG10,FNDF,EUR,RR4,1,貝萊德歐洲基金歐元
1958,AGA5,FNDF,USD,RR4,1,貝萊德營養科學基金Ａ２美元
1961,AO30,FNDF,USD,RR3,1,ＰＩＭＣＯ新興市場債券基金Ｍ級月收息強化股份
1963,AR03,FNDF,USD,RR3,1,ＮＢ高收益債券基金Ｔ股累積美元
1964,AR04,FNDF,USD,RR3,1,ＮＢ高收益債券基金Ｔ股月配美元
1965,BP36,FNDF,ZAR,RR3,0,ＮＮ（Ｌ）新興市場債券基金Ｙ股對沖級別南非幣（月配息）
1966,CC92,FNDF,USD,RR3,1,摩根－ＪＰＭ新興市場本地貨幣債券美元（Ａ股累計）基金
1967,KK64,FNDF,USD,RR5,1,富蘭克林坦伯頓全球投資新興國家基金
1968,NN05,FNDF,USD,RR4,1,聯博美國成長基金Ａ股美元
1969,1412,FNDD,TWD,RR3,1,摩根平衡基金
1972,1618,FNDD,TWD,RR4,1,第一金中概平衡基金
1973,2023,FNDD,TWD,RR3,0,國策略高收益債券基金不配息
1976,2616,FNDD,TWD,RR5,1,元大大中華價值指數基金
1978,3026,FNDD,TWD,RR3,0,元全球靈活配置債券組合基金季配
1981,4011,FNDD,TWD,RR5,1,聯博亞太多重資產基金－Ａ２類型新臺幣
1982,4014,FNDD,TWD,RR4,1,聯博歐洲多重資產基金－ＡＤ類型新臺幣
1986,TF51,FNDF,USD,RR3,0,鋒匯理Ⅱ－新興市場債券ＴＸＤ美元
1988,7429,FNDD,TWD,RR3,0,瀚亞全球高收益債券基金Ｓ類型－新臺幣
1994,AI55,FNDF,NZD,RR5,0,瀚亞中國股票基金紐幣避險穩定月配
1997,AK07,FNDF,USD,RR4,1,駿利亨德森遠見泛歐地產股票基金美元避險
2001,JJ18,FNDF,USD,RR3,1,富蘭克林坦伯頓外國基金
2002,NN43,FNDF,AUD,RR3,1,聯博美國收益基金ＡＴ股澳幣避險
2003,NN54,FNDF,AUD,RR5,1,聯博亞洲股票基金ＡＤ股澳幣避險
2007,PP62,FNDF,USD,RR3,1,施羅德環球環球高收益（美元）Ａ１－累積基金
2009,VV36,FNDF,EUR,RR3,1,駿利亨德森平衡基金Ａ股歐元入息
2010,1305,FNDD,TWD,RR4,1,保德信金平衡基金
2014,1924,FNDD,TWD,RR3,1,匯豐資源豐富國家債券基金不配息
2015,2513,FNDD,TWD,RR4,1,安聯台灣智慧基金
2016,2811,FNDD,TWD,RR5,1,富蘭克林華美中國消費基金
2017,3302,FNDD,TWD,RR4,1,群益馬拉松基金
2018,3328,FNDD,TWD,RR4,1,群益全球不動產平衡基金Ｂ類型季配
2021,5801,FNDD,CNY,RR3,1,聯博多元資產收益組合基金Ａ２類型人民幣
2030,AGD6,FNDF,AUD,RR4,1,貝萊德環球小型企業基金ＨＥＤＧＥＤＡ２澳幣
2035,CCD9,FNDF,EUR,RR3,1,摩根投資－ＪＰＭ策略總報酬歐元（Ａ股累計）基金
2039,KK08,FNDF,USD,RR2,1,富蘭克林坦伯頓全球投資全球債券美元基金
2041,MM04,FNDF,EUR,RR4,1,安聯歐洲基金－Ａ配息類股（歐元）
2043,NN29,FNDF,EUR,RR3,1,聯博全球高收益債券基金ＡＴ股歐元
2044,NN72,FNDF,EUR,RR3,1,聯博歐洲收益基金ＡＡ穩定月配歐元
2048,SS01,FNDF,JPY,RR5,1,柏瑞環球日本小型公司股票基金Ａ３
2051,1448,FNDD,TWD,RR3,1,摩根環球股票收益基金累積型
2052,2029,FNDD,TWD,RR4,1,國泰亞太入息平衡基金不配息
2053,2105,FNDD,TWD,RR4,1,野村全球品牌基金
2056,4829,FNDD,USD,RR3,1,富蘭克林華美退休傘型基金之目標２０２７組合基金－美元
2058,AF06,FNDF,EUR,RR5,0,鋒匯理Ⅱ－新興歐洲及地中海股票Ａ２歐元
2061,AA22,FNDF,JPY,RR4,1,富達日本小型企業基金
2062,AA39,FNDF,USD,RR5,1,富達新興市場基金
2069,AN01,FNDF,USD,RR4,1,ＤＷＳ投資全球神農基金
2070,AQ06,FNDF,USD,RR4,0,美盛凱利美國積極成長基金
2075,GG40,FNDF,EUR,RR5,0,安本標準東歐股票基金Ａ累積歐元
2077,NN71,FNDF,AUD,RR3,1,聯博歐洲收益基金ＡＡ穩定月配澳幣避險
2078,NN93,FNDF,ZAR,RR5,0,聯博中國時機基金ＡＤ月配南非幣避險
2081,PP86,FNDF,USD,RR3,1,施羅德環球環球股息基金（美元）ＡＸ－月配固定基金
2084,1107,FNDD,TWD,RR4,1,日盛新台商基金
2086,1324,FNDD,TWD,RR5,1,保德信拉丁美洲基金
2087,2014,FNDD,TWD,RR4,1,國泰全球基礎建設基金
2088,2312,FNDD,TWD,RR3,1,柏瑞全球策略高收益債券基金Ｂ類型
2091,2428,FNDD,TWD,RR3,1,瀚亞全球高收益債券基金Ａ類型累積
2092,2531,FNDD,TWD,RR5,1,安聯台灣科技基金
2093,3314,FNDD,TWD,RR4,1,群益葛萊美基金
2096,4613,FNDD,ZAR,RR4,1,瀚亞亞太豐收平衡基金Ａ－南非幣
2099,5506,FNDD,USD,RR3,1,景順全天候智慧組合基金月配美元
2101,5901,FNDD,CNY,RR3,1,柏瑞中國平衡基金Ａ類型人民幣
2102,5918,FNDD,USD,RR3,1,柏瑞全球策略高收益債券基金Ｂ類型美元
2110,9105,FNDD,AUD,RR3,0,路博邁收益成長多重資產基金Ｎ累積（澳幣）
2112,AAB2,FNDF,USD,RR3,1,富達全球健康護理基金美元累積
2117,AG61,FNDF,USD,RR5,1,貝萊德亞洲巨龍基金Ａ２美元
2122,AP12,FNDF,EUR,RR4,1,ＮＮ（Ｌ）原物料基金Ｘ股歐元
2123,AP26,FNDF,JPY,RR4,1,ＮＮ（Ｌ）日本股票基金Ｘ股日圓
2126,CCD2,FNDF,AUD,RR3,1,摩根投資－ＪＰＭ多重收益澳幣對沖（Ａ股累計）基金
2128,NN68,FNDF,USD,RR3,1,聯博新興市場債券基金ＡＡ穩定月配美元
2131,1102,FNDD,TWD,RR5,1,日盛小而美基金
2132,1419,FNDD,TWD,RR4,1,摩根絕對日本基金
2133,2118,FNDD,TWD,RR5,1,野村新馬基金
2136,2810,FNDD,TWD,RR4,1,富蘭克林華美新興趨勢傘型之天然資源組合基金
2144,AGD8,FNDF,ZAR,RR5,1,貝萊德亞太股票收益基金Ａ８月配息南非幣避險
2145,6109,FNDD,CNY,RR3,1,貝萊德全方位資產收益組合基金月配人民幣
2148,7103,FNDD,CNY,RR3,1,路博邁收益成長多重資產基金Ｔ累積（人民幣）
2152,AJ22,FNDF,USD,RR3,0,瀚Ｍ＆Ｇ收益優化基金Ａ－Ｈ（美元避險月配）
2153,CCD6,FNDF,USD,RR4,1,摩根投資－ＪＰＭ歐洲策略股息美元對沖（Ａ股每月派息）基金
2154,EE21,FNDF,USD,RR5,0,景順亞洲機遇股票基金Ｃ股美元
2155,GG31,FNDF,JPY,RR4,0,安本標準日本股票基金Ａ累積日圓
2157,OB24,FNDF,USD,RR4,0,法巴美國價值多元因子股票基金Ｃ（美元）
2158,OB25,FNDF,USD,RR4,0,法巴全球金融股票基金Ｃ（美元）
2162,UU20,FNDF,USD,RR3,0,天利盧森堡新興市場債券基金美配
2165,1447,FNDD,TWD,RR4,1,摩根中國雙息平衡基金月配息型
2170,2821,FNDD,TWD,RR3,1,富蘭克林華美多重資產收益基金新臺幣累積型
2171,2907,FNDD,TWD,RR5,1,復華華人世紀基金
2174,UF61,FNDF,USD,RR5,0,鋒匯理Ⅱ－中國股票Ｕ２美元
2179,AW03,FNDF,USD,RR3,1,野村愛爾蘭美國高收益債券基金（Ｔ美元類股）
2182,7002,FNDD,TWD,RR3,1,路博邁收益成長多重資產基金Ｔ月配（新臺幣）
2184,AC19,FNDF,ZAR,RR3,1,天達環球策略環球策略管理基金南非幣避險月配Ｃ收益
2189,AG35,FNDF,USD,RR3,1,貝萊德亞洲老虎債券基金美元
2190,AGA7,FNDF,USD,RR2,1,貝萊德環球企業債券基金Ａ６美元穩定配息
2192,AO06,FNDF,USD,RR2,1,ＰＩＭＣＯ全球投資級別債券基金Ｅ級類別收息股
2193,AO11,FNDF,USD,RR3,1,ＰＩＭＣＯ多元收益債券基金Ｅ級類別收息股
2194,AR17,FNDF,ZAR,RR4,1,ＮＢ美國房地產基金Ｔ股累積南非幣
2197,CC90,FNDF,USD,RR4,1,摩根－ＪＰＭ環球天然資源美元（Ａ股累計）基金
2198,CCA1,FNDF,USD,RR3,1,摩根投資－ＪＰＭ多重收益美元對沖（Ａ股每季派息）基金
2199,KK46,FNDF,USD,RR3,1,富蘭克林坦伯頓全球投資互利全球領航基金美元
2200,KK73,FNDF,EUR,RR3,1,富蘭克林坦伯頓全球投資全球債券總報酬基金歐元年配Ａ
2201,KK74,FNDF,AUD,RR3,1,富蘭克林坦伯頓全球投資全球債券總報酬基金澳幣月配Ｈ１
2203,KKA3,FNDF,USD,RR3,1,富蘭克林坦伯頓全球投資吉富世界基金美元Ａ（ＡＣＣ）股
2204,NN46,FNDF,EUR,RR4,1,聯博歐元區股票基金Ａ股歐元
2205,PP88,FNDF,AUD,RR3,1,施羅德環球環球股息基金（澳幣避險）Ａ－月配固定（Ｃ）基金
2206,QQ32,FNDF,JPY,RR4,0,瑞銀（盧森堡）日本股票基金（日幣）
2207,1215,FNDD,TWD,RR3,1,統一全球債券組合基金
2210,1321,FNDD,TWD,RR4,1,保德信全球基礎建設基金
2213,2015,FNDD,TWD,RR4,1,國泰國泰基金
2217,3910,FNDD,ZAR,RR4,1,復華新興市場高收益債券基金配息南非幣
2218,4008,FNDD,TWD,RR3,1,聯博債券收益組合基金配息型
2219,4719,FNDD,CNY,RR3,1,野村環球基金人民幣
2220,4908,FNDD,CNY,RR1,0,群益人民幣貨幣市場基金人民幣
2221,1206,FNDD,TWD,RR5,1,統一中小基金
2233,AA18,FNDF,USD,RR2,1,富達美元債券基金
2235,AA76,FNDF,USD,RR4,1,富達美國多元基金
2236,AAB6,FNDF,USD,RR3,1,富達新興市場債基金Ｆ１美元穩定月配息
2240,AI34,FNDF,USD,RR3,1,瀚亞美國高收益債券基金美元穩定月配
2244,CCA6,FNDF,AUD,RR3,1,摩根投資－ＪＰＭ環球高收益債券澳幣對沖（Ａ股利率入息）基金
2245,JJ20,FNDF,USD,RR4,1,富蘭克林坦伯頓中小型公司成長基金
2246,KK02,FNDF,USD,RR4,1,富蘭克林坦伯頓全球投資中小型企業基金
2247,MM17,FNDF,EUR,RR4,1,安聯全球生物科技基金－Ａ配息類股（歐元）
2248,PP32,FNDF,EUR,RR5,1,施羅德環球新興歐洲（歐元）Ａ１－累積基金
2249,VV15,FNDF,USD,RR2,1,駿利亨德森美國短期債券基金Ａ１美元
2251,1430,FNDD,TWD,RR5,1,摩根中國亮點基金
2254,2726,FNDD,TWD,RR5,1,台新中証消費服務領先指數基金
2256,2732,FNDD,TWD,RR4,1,台新智慧生活基金
2258,3304,FNDD,TWD,RR5,1,群益店頭市場基金
2262,CC54,FNDF,USD,RR5,1,摩根亞洲小型企業基金
2263,AT13,FNDF,EUR,RR4,1,百達生物科技Ｒ歐元
2266,UF32,FNDF,USD,RR2,0,鋒匯理Ⅱ－策略收益Ｕ２美元
2267,6102,FNDD,USD,RR4,1,貝萊德亞洲高收益債券基金月配美元
2270,ED90,FNDF,USD,RR4,0,聯博美國成長基金ＥＤ月配美元
2272,AA87,FNDF,EUR,RR3,1,富達新興市場債券基金歐元月配
2273,AA98,FNDF,USD,RR2,1,富達全球債券基金累積
2274,AAD2,FNDF,USD,RR4,1,富達日本潛力優勢基金美元避險
2277,AG73,FNDF,EUR,RR4,1,貝萊德環球小型企業基金歐元
2278,AH64,FNDF,SGD,RR5,1,新加坡大華泛華基金星幣
2279,AI43,FNDF,USD,RR4,1,瀚亞亞洲股票收益基金美元穩定月配
2282,BB15,FNDF,USD,RR4,1,安聯日本股票基金－Ａ配息類股（美元）
2295,1449,FNDD,TWD,RR3,1,摩根環球股票收益基金月配息型
2296,1923,FNDD,TWD,RR5,1,匯豐黃金及礦業股票型基金
2298,2626,FNDD,TWD,RR4,1,元大中國平衡基金
2301,2805,FNDD,TWD,RR5,1,富蘭克林華美中華基金
2302,2832,FNDD,TWD,RR3,1,富蘭克林華美特別股收益基金新臺幣累積型
2303,2940,FNDD,TWD,RR4,1,復華傳家基金
2304,3505,FNDD,TWD,RR5,1,德信台灣主流中小基金
2305,4935,FNDD,USD,RR3,1,群益全球特別股收益基金美元配息
2306,5006,FNDD,TWD,RR5,1,貝萊德亞太智慧數據股票入息基金累積新台幣
2309,2115,FNDD,TWD,RR5,1,野村亞太高股息基金
2311,5940,FNDD,CNY,RR3,1,柏瑞特別股息收益基金Ｂ月配人民幣
2325,AH65,FNDF,USD,RR3,1,新加坡大華全球保健基金美元月配
2327,BB63,FNDF,USD,RR3,1,安聯多元信用債券基金－ＡＭＧ穩定月收總收益類股（美元）
2329,KK99,FNDF,EUR,RR3,1,富蘭克林坦伯頓全球投資全球氣候變遷基金（ＡＣＣ）歐元
2330,OB07,FNDF,USD,RR4,1,法巴能源轉型股票基金Ｃ（美元）
2331,PP05,FNDF,EUR,RR4,1,施羅德環球歐洲收益股票（歐元）Ａ１－累積基金
2332,VV01,FNDF,USD,RR4,1,駿利亨德森策略ＡＬＰＨＡ基金Ａ股美元
2333,XX01,FNDF,EUR,RR4,1,匯豐環球投資基金歐洲股票
2334,1101,FNDD,TWD,RR4,1,日盛上選基金
2335,1117,FNDD,TWD,RR4,1,日盛全球抗暖化基金
2337,1320,FNDD,TWD,RR4,1,保德信全球資源基金
2338,1406,FNDD,TWD,RR5,1,摩根龍揚基金
2339,2305,FNDD,TWD,RR4,1,柏瑞旗艦全球成長組合基金
2340,2321,FNDD,TWD,RR4,1,柏瑞亞太高收益債券基金Ｂ月配台幣
2341,2611,FNDD,TWD,RR4,0,元績效基金
2343,3504,FNDD,TWD,RR5,0,德信中國精選成長基金
2346,4926,FNDD,USD,RR4,1,群益全球地產入息基金美元累積
2347,3706,FNDD,USD,RR5,1,國泰中國內需增長基金美元
2352,EDD3,FNDF,USD,RR3,0,聯博國際醫療基金ＥＤ月配美元
2359,CC84,FNDF,USD,RR3,1,摩根投資－ＪＰＭ環球高收益債券美元（Ａ股累計）基金
2360,EE88,FNDF,AUD,RR5,1,景順中國基金Ａ－澳幣對沖澳幣
2363,NN17,FNDF,USD,RR2,1,聯博短期債券基金ＡＴ股美元
2364,NN39,FNDF,AUD,RR5,1,聯博新興市場成長基金Ａ股澳幣避險
2365,NN50,FNDF,USD,RR5,1,聯博亞洲股票ＡＤ股美元
2370,1502,FNDD,TWD,RR4,1,華南永昌龍盈平衡基金
2371,2830,FNDD,TWD,RR4,1,富蘭克林華美退休傘型基金之目標２０４７組合基金－新臺幣
2372,2929,FNDD,TWD,RR4,1,復華全球資產證券化基金－新臺幣Ａ
2373,4901,FNDD,USD,RR4,1,群益全球關鍵生技基金美元
2375,AT04,FNDF,EUR,RR4,1,百達智慧城市Ｒ年配歐元
2386,AA19,FNDF,GBP,RR2,0,富達英鎊債券基金
2389,AC17,FNDF,USD,RR3,1,天達環球策略新興市場當地貨幣債券基金
2391,AG52,FNDF,USD,RR3,1,貝萊德美元高收益債券基金美元配現
2392,AO31,FNDF,USD,RR3,1,ＰＩＭＣＯ全球高收益債券基金Ｍ級月收強化股份
2395,EE59,FNDF,USD,RR3,1,景順健康護理基金Ａ－年配息股美元
2396,GG02,FNDF,USD,RR5,1,安本標準亞太股票基金Ａ累積美元
2398,KK04,FNDF,USD,RR5,1,富蘭克林坦伯頓全球投資亞洲成長基金
2403,XX17,FNDF,USD,RR5,1,匯豐環球投資基金巴西股票
2406,2311,FNDD,TWD,RR3,1,柏瑞全球策略高收益債券基金Ａ類型
2407,2324,FNDD,TWD,RR3,1,柏瑞新興亞太策略債券基金Ｂ類型新臺幣
2410,4923,FNDD,CNY,RR5,1,群益東協成長基金人民幣
2411,4940,FNDD,USD,RR3,1,群益全球優先順位高收益債券基金Ａ累積型美元
2413,5804,FNDD,USD,RR3,1,聯博多元資產收益組合基金ＡＤ類型美元
2415,5931,FNDD,ZAR,RR3,1,柏瑞環球多元資產基金Ａ累積南非幣
2421,AA07,FNDF,JPY,RR4,1,富達日本基金
2422,AAD6,FNDF,EUR,RR4,1,富達歐洲入息基金累計歐元
2428,AG63,FNDF,EUR,RR5,1,貝萊德亞洲巨龍基金Ａ２歐元
2429,AGC9,FNDF,ZAR,RR3,1,貝萊德美元高收益債券基金Ａ８多幣別穩定月配息股份－南非幣避險
2430,AGE1,FNDF,USD,RR4,1,貝萊德歐洲價值型基金ＨＥＤＧＥＤＡ２美元
2432,AI33,FNDF,ZAR,RR3,1,瀚亞美國高收益債券基金南非幣避險月配Ａｚｄｍ
2433,AI38,FNDF,USD,RR3,1,瀚亞全球價值股票基金美元穩定月配
2438,KK36,FNDF,EUR,RR3,1,富蘭克林坦伯頓全球投資歐洲高收益基金月配
2440,NN56,FNDF,NZD,RR3,1,聯博美國收益基金ＡＴ股紐幣避險
2442,NNA5,FNDF,AUD,RR4,1,聯博美國成長基金ＡＤ股月配澳幣避險
2443,OB02,FNDF,USD,RR5,0,法巴拉丁美洲股票基金Ｃ（美元）
2447,WW06,FNDF,USD,RR5,1,霸菱全球新興市場基金美元
2448,WW19,FNDF,USD,RR4,1,霸菱亞洲平衡基金Ａ類美元累積型
2451,2009,FNDD,TWD,RR5,1,國泰大中華基金
2452,2138,FNDD,TWD,RR4,1,野村亞太複合高收益債基金累積類型
2453,2429,FNDD,TWD,RR3,1,瀚亞全球高收益債券基金Ｂ類型分配
2454,2514,FNDD,TWD,RR3,1,安聯四季回報債券組合基金Ａ類型累積新臺幣
2456,2715,FNDD,TWD,RR5,1,台新中國精選中小基金
2457,2718,FNDD,TWD,RR5,1,台新印度基金
2458,2812,FNDD,TWD,RR5,1,富蘭克林華美台股傘型基金之高科技基金
2459,3708,FNDD,USD,RR4,1,國泰新興高收益債不配息美元
2460,3904,FNDD,ZAR,RR2,1,復華南非幣長期收益基金Ｂ配息
2462,AG76,FNDF,EUR,RR4,1,貝萊德世界金融基金歐元
2467,8912,FNDD,CNY,RR4,0,柏瑞亞太高收益債券基金Ｎ９類型人民幣
2469,AA71,FNDF,EUR,RR4,1,富達歐洲動能基金
2470,AA91,FNDF,USD,RR5,1,富達新興歐非中東基金
2471,AC07,FNDF,USD,RR2,1,天達環球策略目標回報債券基金Ｃ收益股份
2474,AH11,FNDF,USD,RR3,1,新加坡大華全球保健基金美元
2475,AJ04,FNDF,EUR,RR4,1,瀚亞Ｍ＆Ｇ全球未來趨勢基金
2476,AO27,FNDF,USD,RR3,1,ＰＩＭＣＯ美國高收益債券基金Ｍ級美月收息股
2480,BR10,FNDF,AUD,RR3,0,ＮＢ高收益債券基金Ｂ股月配澳幣
2482,CC76,FNDF,EUR,RR3,1,摩根－ＪＰＭ新興市場債券歐元對沖（Ａ股分派）基金
2483,CCC1,FNDF,USD,RR4,1,摩根－ＪＰＭ歐洲動力美元（Ａ股累計）基金
2488,PP20,FNDF,USD,RR5,1,施羅德環球大中華（美元）Ａ１－累積基金
2489,PP82,FNDF,USD,RR3,1,施羅德環球環球收益股票（美元）Ａ１－月配固定基金
2493,2018,FNDD,TWD,RR5,1,國泰中國內需增長基金
2496,3349,FNDD,TWD,RR3,1,群益全球特別股收益基金新臺幣累積
2498,4607,FNDD,CNY,RR3,1,瀚亞全球高收益債券基金Ａ類型人民幣
2499,4611,FNDD,AUD,RR4,1,瀚亞亞太豐收平衡基金Ａ－澳幣
2501,4728,FNDD,CNY,RR4,1,野村亞太收益多重資產基金（人民幣月配）
2502,4904,FNDD,USD,RR3,1,群益工業國入息累積基金美元
2503,4924,FNDD,USD,RR5,1,群益大印度基金美元
2505,5913,FNDD,CNY,RR4,1,柏瑞亞太高收益債券基金Ｂ月配人民幣
2512,AA04,FNDF,USD,RR5,1,富達亞洲聚焦基金
2517,AF48,FNDF,USD,RR2,0,鋒匯理Ⅱ－美元綜合債券Ａ２美元
2518,AF55,FNDF,AUD,RR3,0,鋒匯理Ⅱ－美國高息Ａ股澳幣收益穩定配息
2522,GG35,FNDF,USD,RR4,0,安本標準中國股票基金Ａ累積美元
2523,GG45,FNDF,USD,RR3,0,安本標準新興市場公司債券基金Ａ累積美元
2524,KK35,FNDF,USD,RR4,1,富蘭克林坦伯頓全球投資科技基金
2525,KK85,FNDF,EUR,RR4,1,富蘭克林坦伯頓全球投資潛力歐洲基金歐元Ａ（ＹＤＩＳ）股
2526,KK90,FNDF,USD,RR4,1,富蘭克林坦伯頓全球投資全球房地產基金美元Ａ（ＡＣＣ）股
2530,PP11,FNDF,JPY,RR4,1,施羅德環球日本股票（日元）Ａ１－累積基金
2533,1217,FNDD,TWD,RR5,1,統一強漢基金
2534,2439,FNDD,TWD,RR3,1,瀚亞新興豐收基金Ａ台幣
2540,AAD4,FNDF,USD,RR4,1,富達歐洲入息基金Ｆ１穩定月配息美元避險
2541,AP04,FNDF,EUR,RR3,1,ＮＮ（Ｌ）環球高收益基金Ｘ股對沖級別歐元（月配息）
2542,2204,FNDD,TWD,RR3,1,景順全球康健基金
2543,CC43,FNDF,USD,RR5,1,摩根－ＪＰＭ新興中東美元（Ａ股分派）基金
2545,CR24,FNDF,AUD,RR3,0,ＮＢ新興市場本地貨幣債券基金Ｃ２股月配澳幣
2546,EE42,FNDF,USD,RR3,1,景順環球指標增值基金Ａ年配息股美元
2549,GG36,FNDF,USD,RR5,0,安本標準印度股票基金Ａ累積美元
2552,1410,FNDD,TWD,RR4,1,摩根大歐洲基金
2556,2923,FNDD,TWD,RR5,1,復華東協世紀基金
2558,3303,FNDD,TWD,RR5,1,群益創新科技基金
2559,3339,FNDD,TWD,RR3,1,群益環球金綻雙喜基金台幣月配
2567,TF57,FNDF,AUD,RR3,0,鋒匯理Ⅱ－新興市場債券Ｔ股澳幣收益穩定配息
2569,AGD9,FNDF,ZAR,RR3,1,貝萊德新興市場債券基金Ａ８月配息南非幣避險
2570,AH01,FNDF,USD,RR5,0,新加坡大華東協基金美元
2571,AI22,FNDF,USD,RR5,0,亞拉丁美洲股票基金
2572,AI26,FNDF,USD,RR5,1,瀚亞泰國股票基金
2573,AI32,FNDF,ZAR,RR2,1,瀚亞優質公司債基金南非幣避險穩配Ａｚｄｍｃｌ
2578,EE41,FNDF,USD,RR4,1,景順亞洲平衡基金Ａ－穩定月配息股美元
2579,EE51,FNDF,USD,RR5,0,景順東協基金Ａ－年配息股美元
2581,KK66,FNDF,USD,RR5,1,富蘭克林坦伯頓全球投資亞洲成長基金
2582,NN26,FNDF,EUR,RR3,1,聯博美國收益基金Ａ２股歐元
2585,1511,FNDD,TWD,RR3,1,華南永昌全球亨利組合基金
2586,2106,FNDD,TWD,RR3,1,野村鑫全球債券組合基金
2587,2402,FNDD,TWD,RR4,1,瀚亞外銷基金
2589,2620,FNDD,TWD,RR5,1,元大印度指數基金
2590,3722,FNDD,USD,RR2,1,國泰智富傘型基金之ＥＴＦ安鑫組合基金－美元Ａ類型（不配息）
2595,PP38,FNDF,USD,RR5,0,施羅德環球韓國股票（美元）Ａ１－累積基金
2596,AT10,FNDF,USD,RR3,1,百達健康Ｒ美元
2597,AT02,FNDF,USD,RR4,1,百達智慧城市Ｒ年配美元
2598,5908,FNDD,CNY,RR3,1,柏瑞全球策略高收益債券基金Ｂ類型人民幣
2602,FCA3,FNDF,USD,RR3,0,摩根投資－ＪＰＭ多重收益美元對沖（Ｆ股每月派息）基金
2604,AAB8,FNDF,USD,RR3,1,富達全球入息基金Ｆ１美元穩定月配息
2608,AF51,FNDF,USD,RR3,0,鋒匯理Ⅱ－新興市場債券ＡＸＤ美元
2609,AK02,FNDF,EUR,RR4,1,駿利亨德森遠見泛歐地產股票基金
2613,EE05,FNDF,EUR,RR4,1,景順泛歐洲基金Ａ股歐元
2617,NN59,FNDF,USD,RR4,0,聯博日本策略價值Ａ股美元避險
2618,NN62,FNDF,USD,RR3,1,聯博全球價值型基金Ａ股美元
2619,NN67,FNDF,AUD,RR3,1,聯博美國收益基金ＡＡ穩定月配澳幣避險
2624,QQ28,FNDF,EUR,RR3,1,瑞銀（盧森堡）歐元高收益債券基金（歐元）月配息
2625,WW13,FNDF,USD,RR5,1,霸菱大東協基金Ａ類
2626,XX04,FNDF,USD,RR4,0,匯豐環球投資經濟規模美國股票基金
2629,1612,FNDD,TWD,RR5,1,第一金亞洲科技基金
2634,2701,FNDD,TWD,RR5,1,台新２０００高科技基金
2637,4707,FNDD,USD,RR4,1,野村歐洲中小成長基金美元
2642,AT29,FNDF,AUD,RR5,1,百達俄羅斯股票ＨＲ澳幣
2643,5920,FNDD,USD,RR4,1,柏瑞新興市場高收益債券基金Ａ類型美元
2646,6009,FNDD,CNY,RR3,1,安聯目標收益基金－Ｂ類型（月配息）－人民幣
2648,6203,FNDD,CNY,RR4,1,統一中國高收益債券基金人民幣累積
2654,AA82,FNDF,USD,RR3,1,富達新興市場債券基金美元
2655,AA93,FNDF,EUR,RR5,1,富達新興亞洲基金歐元累積
2656,AB04,FNDF,USD,RR4,1,天達環球策略環球策略股票基金Ｃ收益股份
2658,AF61,FNDF,USD,RR5,0,鋒匯理Ⅱ－中國股票Ａ２美元
2659,AGE2,FNDF,USD,RR4,1,貝萊德歐洲特別時機基金避險Ａ２美元
2660,AI35,FNDF,AUD,RR3,1,瀚亞美國高收益債券基金澳幣避險穩定月配
2661,AN07,FNDF,USD,RR3,1,ＤＷＳ投資全球高股息美元避險
2666,NN73,FNDF,USD,RR2,1,聯博短期債券基金ＡＡ穩定月配美元
2671,PP67,FNDF,USD,RR5,1,施羅德環球亞洲收益股票（美元）Ａ１－累積基金
2672,1503,FNDD,TWD,RR4,1,華南永昌永昌基金
2673,1604,FNDD,TWD,RR5,1,第一金店頭市場基金
2674,1606,FNDD,TWD,RR5,1,第一金電子基金
2676,2148,FNDD,TWD,RR3,1,野村美利堅高收益債基金月配類型
2677,2327,FNDD,TWD,RR3,1,柏瑞特別股息收益基金Ａ累積台幣
2681,3316,FNDD,TWD,RR1,0,群益安穩貨幣市場基金
2682,3332,FNDD,TWD,RR4,1,群益美國新創亮點基金
2685,3729,FNDD,USD,RR4,1,國泰全球積極組合基金－美元
2688,4608,FNDD,CNY,RR3,1,瀚亞全球高收益債券基金Ｂ類型人民幣
2691,AT08,FNDF,USD,RR4,1,百達水資源Ｒ美元
2692,AT28,FNDF,EUR,RR5,1,百達俄羅斯股票Ｒ歐元
2700,AA53,FNDF,EUR,RR4,1,富達歐洲基金
2701,AA65,FNDF,EUR,RR4,1,富達全球金融服務基金
2702,AAC3,FNDF,USD,RR4,1,富達全球金融服務基金Ａ類股美元
2705,AI44,FNDF,AUD,RR4,1,瀚亞亞洲股票收益基金澳幣避險穩定月配
2709,CCG1,FNDF,USD,RR3,1,摩根投資－ＪＰＭ多重收益美元對沖（Ａ股利率入息）基金
2712,KK60,FNDF,EUR,RR3,1,富蘭克林坦伯頓全球投資歐洲高收益基金累積
2713,NNB9,FNDF,NZD,RR4,1,聯博全球不動產證券基金ＡＤ紐幣避險級別
2716,VV35,FNDF,USD,RR3,1,駿利亨德森平衡基金Ａ股美元入息
2717,WW55,FNDF,CAD,RR3,1,霸菱成熟及新興市場高收益債券基金－Ａ類加幣避險月配息型
2719,1205,FNDD,TWD,RR5,1,統一奔騰基金
2723,2823,FNDD,TWD,RR4,1,富蘭克林華美亞太平衡基金新臺幣累積型
2732,AA50,FNDF,USD,RR1,0,富達全球精選基金
2736,AG33,FNDF,EUR,RR3,1,貝萊德環球高收益債券基金ＨｅｄｇｅｄＡ２歐元
2737,AI37,FNDF,NZD,RR3,1,瀚亞美國高收益債券基金紐幣避險穩定月配
2740,CC96,FNDF,USD,RR5,1,摩根－ＪＰＭ新興市場小型企業美元（Ａ股ｐｅｒｆ累計）基金
2742,MM02,FNDF,EUR,RR5,0,安聯全球高科技基金
2746,PP71,FNDF,AUD,RR3,1,施羅德傘型基金ＩＩ－亞洲高息股債基金（澳幣避險）Ａ－月配基金
2747,PP85,FNDF,USD,RR3,1,施羅德環球環球股息基金（美元）Ａ－累積基金
2748,QQ46,FNDF,USD,RR4,1,瑞銀（盧森堡）策略基金－增長型（美元）
2749,SS06,FNDF,USD,RR5,0,柏瑞環球拉丁美洲股票基金Ａ
2755,2448,FNDD,TWD,RR3,1,瀚亞印度政府基礎建設債券基金Ｂ類型－新臺幣
2759,WV03,FNDF,USD,RR4,1,霸菱德國增長基金Ａ美元避險累積
2767,AF39,FNDF,USD,RR5,0,鋒匯理Ⅱ－新興市場股票Ａ２美元
2768,AG62,FNDF,USD,RR5,1,貝萊德新興歐洲基金美元
2771,AN05,FNDF,USD,RR3,1,ＤＷＳ投資全球高股息配息美元
2772,AR08,FNDF,ZAR,RR3,1,ＮＢ高收益債券基金Ｔ股月配南非幣
2773,AR21,FNDF,USD,RR3,1,ＮＢ新興市場本地貨幣債券基金Ｔ股累積美元
2774,BB19,FNDF,USD,RR5,1,安聯老虎基金－Ａ配息類股（美元）
2775,BB45,FNDF,USD,RR3,1,安聯收益成長基金－ＡＴ累積類股（美元）
2779,CC95,FNDF,USD,RR2,1,摩根－ＪＰＭ環球企業債券美元（Ａ股每月派息）基金
2782,GG33,FNDF,USD,RR5,1,安本標準亞洲小型公司基金Ａ累積美元
2783,NNC7,FNDF,USD,RR4,1,聯博聚焦美國股票基金Ａ級別美元
2787,2501,FNDD,TWD,RR4,1,安聯全球生技趨勢基金－新臺幣
2788,2906,FNDD,TWD,RR2,1,復華全球短期收益基金－新臺幣
2802,AA92,FNDF,USD,RR5,1,富達新興亞洲基金美元累積
2806,AG71,FNDF,USD,RR2,1,貝萊德環球企業債券基金Ａ２美元
2807,AGB7,FNDF,AUD,RR3,1,貝萊德環球高收益債券基金Ａ８月配澳幣避險
2809,BF58,FNDF,ZAR,RR3,0,鋒匯理Ⅱ－新興市場債券Ｂ股南非幣收益穩定配息
2812,CC80,FNDF,USD,RR5,1,摩根－ＪＰＭ大中華美元（Ａ股分派）基金
2815,EE67,FNDF,USD,RR4,0,景順美國股票基金Ａ－年配息股美元
2817,KK12,FNDF,USD,RR2,1,富蘭克林坦伯頓全球投資美國政府基金
2818,KK48,FNDF,USD,RR3,1,富蘭克林坦伯頓全球投資全球核心策略基金美元
2819,KK62,FNDF,USD,RR5,1,富蘭克林坦伯頓全球投資全球東歐基金
2821,NNC8,FNDF,USD,RR3,1,聯博優化波動股票基金Ａ級別美元
2822,QQ33,FNDF,USD,RR4,1,瑞銀（盧森堡）美國總收益股票基金累積
2826,2142,FNDD,TWD,RR3,1,野村環球高收益債基金月配
2827,2406,FNDD,TWD,RR5,1,瀚亞中小型股基金
2831,2904,FNDD,TWD,RR4,1,復華亞太平衡基金
2832,3908,FNDD,CNY,RR3,1,復華新興人民幣債券基金Ｂ
2833,4003,FNDD,TWD,RR4,1,聯博大利基金
2834,4012,FNDD,TWD,RR5,1,聯博亞太多重資產基金－ＡＤ類型新臺幣
2838,5603,FNDD,USD,RR4,1,台新亞澳高收益債券基金月配美元
2843,6302,FNDD,TWD,RR4,1,瑞銀全球創新趨勢基金
2845,AW06,FNDF,JPY,RR4,1,野村愛爾蘭日本策略價值基金（Ｔ日圓類股）
2848,AA67,FNDF,EUR,RR4,1,富達全球工業基金
2850,AO15,FNDF,USD,RR3,1,ＰＩＭＣＯ全球高收益債券基金Ｅ級類別收息
2851,BB18,FNDF,USD,RR5,0,安聯小龍基金
2855,CCE7,FNDF,USD,RR4,1,摩根－ＪＰＭ美國小型企業股票美元（Ａ股分派）基金
2859,GG28,FNDF,USD,RR5,0,安本標準新興市場股票基金Ａ累積美元
2861,NN15,FNDF,USD,RR4,1,聯博全球不動產證券基金Ａ股美元
2862,NN83,FNDF,ZAR,RR3,1,聯博全球高收益債券基金ＡＡ月配南非幣避險
2865,VV38,FNDF,AUD,RR3,1,駿利亨德森平衡基金Ａ股澳幣入息
2868,2154,FNDD,TWD,RR4,1,野村亞太收益多重資產基金（新臺幣月配）
2869,2201,FNDD,TWD,RR5,1,景順台灣科技基金
2871,2320,FNDD,TWD,RR4,1,柏瑞亞太高收益債券基金Ａ累積台幣
2872,2330,FNDD,TWD,RR3,1,柏瑞多重資產特別收益基金Ｂ配息（新臺幣）
2873,3202,FNDD,TWD,RR5,1,永豐中小基金
2875,4734,FNDD,CNY,RR4,1,野村新興收益傘型基金之邊境市場高收益主權債基金（累積人民幣）
2877,5906,FNDD,CNY,RR4,1,柏瑞新興市場高收益債券基金Ｂ類型人民幣月配
2880,AA86,FNDF,USD,RR3,1,富達新興市場債券基金美元月配
2886,AG97,FNDF,USD,RR4,1,貝萊德社會責任多元資產基金美元避險
2887,AGB2,FNDF,USD,RR4,1,貝萊德歐元市場基金Ａ２美元
2888,AP22,FNDF,AUD,RR3,1,ＮＮ（Ｌ）新興市場債券基金Ｘ股對沖級別澳幣（月配息）
2891,CCC8,FNDF,USD,RR3,1,摩根－ＪＰＭ環球醫療科技美元（Ａ股累計）基金
2892,GG52,FNDF,USD,RR4,1,安本標準北美小型公司基金Ａ累積美元
2894,KK22,FNDF,EUR,RR2,1,富蘭克林坦伯頓全球投資全球債券歐元基金
2895,KK59,FNDF,USD,RR2,1,富蘭克林坦伯頓全球投資亞洲債券基金累積
2896,KK70,FNDF,USD,RR3,1,富蘭克林坦伯頓全球投資全球債券總報酬基金美元月配Ａ
2897,NND2,FNDF,USD,RR4,0,聯博永續主題基金ＡＸ股美元
2903,NNB6,FNDF,USD,RR4,1,聯博歐洲股票基金Ａ級別美元
2904,QQ39,FNDF,USD,RR5,0,瑞銀（盧森堡）亞洲精選股票基金（未核備）
2908,2152,FNDD,TWD,RR3,1,野村亞太新興債券基金新臺幣配息
2909,2401,FNDD,TWD,RR5,1,瀚亞高科技基金
2910,2411,FNDD,TWD,RR4,1,瀚亞美國高科技基金
2911,2425,FNDD,TWD,RR5,1,瀚亞非洲基金
2912,2523,FNDD,TWD,RR1,1,安聯人民幣貨幣市場基金－新臺幣
2914,3809,FNDD,TWD,RR4,1,合庫全球高股息基金Ｂ月配
2920,UF59,FNDF,AUD,RR2,0,鋒匯理Ⅱ－策略收益Ｕ股澳幣收益穩定配息
2924,6205,FNDD,USD,RR4,1,統一全球新科技基金美元
2929,AAE8,FNDF,EUR,RR4,0,富達基金–歐洲多重資產收益基金Ａ股Ｃ月配歐元
2933,AP01,FNDF,USD,RR3,1,ＮＮ（Ｌ）環球高收益基金Ｘ股美元
2934,AP03,FNDF,EUR,RR3,1,ＮＮ（Ｌ）環球高收益基金Ｘ股對沖級別歐元
2935,AR13,FNDF,USD,RR4,1,ＮＢ美國多元企業機會基金Ｔ股累積型美元
2939,KK30,FNDF,EUR,RR4,1,富蘭克林坦伯頓全球投資互利歐洲基金
2940,NN86,FNDF,USD,RR4,1,聯博新興市場多元收益基金Ａ美元
2941,NNB7,FNDF,AUD,RR4,1,聯博歐洲股票基金ＡＤ月配澳幣避險級別
2943,WW01,FNDF,USD,RR5,0,霸菱東歐基金美元
2944,WW05,FNDF,USD,RR3,1,霸菱成熟及新興市場高收益債券基金－Ａ類美元月配息型
2945,1303,FNDD,TWD,RR4,0,保信第一基金
2946,2137,FNDD,TWD,RR5,1,野村印尼潛力基金
2947,2606,FNDD,TWD,RR4,1,元大全球不動產證券化基金Ａ
2948,3405,FNDD,TWD,RR5,1,新光中國成長基金
2949,3716,FNDD,AUD,RR4,1,國泰亞太入息平衡基金不配息澳幣
2951,4925,FNDD,CNY,RR5,1,群益大印度基金人民幣
2957,FE40,FNDF,USD,RR3,0,富蘭克林坦伯頓全球投資穩定月收益基金美元Ｆ（ＭＤＩＳ）股
2961,AAD3,FNDF,USD,RR4,1,富達日本小型企業美元避險
2964,AJ24,FNDF,GBP,RR3,0,瀚亞Ｍ＆Ｇ（英國）收益優化基金Ａ（英鎊）
2971,EE34,FNDF,USD,RR4,1,景順亞洲平衡基金Ａ股美元
2975,WW11,FNDF,USD,RR5,1,霸菱香港中國基金
2976,1103,FNDD,TWD,RR4,1,日盛精選五虎基金
2978,1115,FNDD,TWD,RR5,1,日盛亞洲機會基金
2979,1229,FNDD,TWD,RR4,1,統一全球新科技基金台幣
2981,2535,FNDD,TWD,RR3,1,安聯收益成長多重資產基金－Ｂ類型（月配息）－新臺幣
2982,3323,FNDD,TWD,RR2,1,群益亞洲新興市場投資級債券基金Ｂ類型月配
2999,AG26,FNDF,USD,RR4,1,貝萊德世界科技基金美元
3001,AG29,FNDF,USD,RR5,1,貝萊德太平洋股票基金美元
3003,AQ07,FNDF,USD,RR4,0,美盛銳思美國小型公司機會基金
3006,EE62,FNDF,USD,RR4,1,景順歐洲大陸企業基金Ａ－年配息股美元
3007,EE83,FNDF,USD,RR3,1,景順新興市場債券基金Ａ－固定月配息股美元
3012,KK61,FNDF,USD,RR5,0,富蘭克林坦伯頓全球投資全球拉丁美洲基金
3013,KK71,FNDF,EUR,RR3,1,富蘭克林坦伯頓全球投資全球債券總報酬基金歐元累積Ａ
3015,PP45,FNDF,CHF,RR4,1,施羅德環球瑞士中小型股票（瑞士法郎）Ａ１－累積基金
3019,1420,FNDD,TWD,RR5,1,摩根新興３５基金
3021,2011,FNDD,TWD,RR4,1,國泰全球資源基金
3022,2037,FNDD,TWD,RR2,1,國泰智富傘型基金之ＥＴＦ安鑫組合基金－臺幣Ｂ類型（配息）
3024,3607,FNDD,TWD,RR5,1,宏利亞太中小企業基金
3025,3801,FNDD,TWD,RR4,1,合庫台灣基金
3026,3806,FNDD,TWD,RR1,0,合庫貨幣市場基金
3027,4007,FNDD,TWD,RR3,1,聯博債券收益組合基金累積型
3035,AA54,FNDF,EUR,RR4,1,富達歐元藍籌基金
3036,AA60,FNDF,EUR,RR4,1,富達全球科技基金
3038,AF30,FNDF,EUR,RR3,0,鋒匯理Ⅱ－美國高息Ａ２歐元
3039,AF34,FNDF,USD,RR2,0,鋒匯理Ⅱ－策略收益ＡＸＤ美元
3041,AGC8,FNDF,USD,RR5,1,貝萊德亞太股票收益基金Ａ６美元
3047,JJ19,FNDF,USD,RR5,0,富蘭克林坦伯頓開發中國家基金
3052,PP03,FNDF,USD,RR4,1,施羅德環球美國小型公司（美元）Ａ１－累積基金
3053,QQ08,FNDF,USD,RR5,1,瑞銀（盧森堡）中國精選股票基金（美元）
3058,2135,FNDD,TWD,RR3,1,野村新興高收益債組合基金月配類型
3061,2509,FNDD,TWD,RR4,1,安聯全球綠能趨勢基金
3062,2519,FNDD,TWD,RR3,1,安聯四季豐收債券組合基金－Ａ類型（累積）－新臺幣
3064,3308,FNDD,TWD,RR4,1,群益亞太新趨勢平衡基金
3065,3318,FNDD,TWD,RR5,1,群益東協成長基金
3067,5010,FNDD,TWD,RR3,1,貝萊德全方位資產收益組合基金月配新臺幣
3075,AA10,FNDF,EUR,RR4,1,富達法國基金
3078,AG59,FNDF,USD,RR5,1,貝萊德中國基金Ａ２美元
3079,AN04,FNDF,USD,RR3,1,ＤＷＳ投資全球高股息美元
3081,AS02,FNDF,USD,RR4,1,先機美國入息基金Ａ類收益股（美元）
3083,BP37,FNDF,EUR,RR4,0,ＮＮ（Ｌ）歐元高股息基金Ｙ股歐元（月配息）
3088,KK96,FNDF,USD,RR4,1,富蘭克林坦伯頓全球投資互利歐洲基金美元避險Ａ（ＡＣＣ）股－Ｈ１
3089,NN06,FNDF,USD,RR5,0,聯博印度成長基金ＡＸ股美元
3091,NN23,FNDF,USD,RR5,1,聯博印度成長基金Ａ股美元
3093,OB06,FNDF,USD,RR4,1,法巴科技創新股票基金Ｃ（美元）
3094,OB12,FNDF,USD,RR3,1,法巴健康護理創新股票基金Ｃ（美元）
3096,WW54,FNDF,EUR,RR4,0,霸菱全球資源基金歐元
3098,1435,FNDD,TWD,RR4,1,摩根新興市場高收益債券基金累積型
3103,2418,FNDD,TWD,RR4,1,瀚亞亞太高股息基金
3104,2602,FNDD,TWD,RR4,1,元大台灣加權股價指數基金
3111,5938,FNDD,USD,RR3,1,柏瑞特別股息收益基金Ｂ月配美元
3112,UF73,FNDF,ZAR,RR2,0,鋒匯理Ⅱ－美元綜合債券Ｕ股南非幣收益穩定配息
3115,6003,FNDD,USD,RR4,1,安聯全球生技趨勢基金－美元
3118,AAA8,FNDF,USD,RR5,1,富達亞太入息基金Ｆ１美元穩定月配息
3119,AAD9,FNDF,AUD,RR4,0,富達亞洲高收益基金Ｈ澳幣避險月配息
3122,AGD5,FNDF,AUD,RR3,1,貝萊德世界健康科學基金ＨＥＤＧＥＤＡ２澳幣
3126,CCE1,FNDF,USD,RR3,1,摩根投資－ＪＰＭ策略總報酬美元對沖（Ａ股累計）基金
3131,NN42,FNDF,AUD,RR3,1,聯博新興市場債券基金ＡＴ股澳幣避險
3137,1904,FNDD,TWD,RR4,1,匯豐台灣精典基金
3138,1919,FNDD,TWD,RR4,1,匯豐全球趨勢組合基金
3139,2318,FNDD,TWD,RR3,1,柏瑞中國平衡基金Ｂ類型
3140,2436,FNDD,TWD,RR3,1,瀚亞全球高收益債券基金Ｃ類型分配
3141,2627,FNDD,TWD,RR4,1,元大全球不動產證券化基金Ｂ
3142,2803,FNDD,TWD,RR3,1,富蘭克林華美富蘭克林全球債券組合基金累積
3143,2825,FNDD,TWD,RR3,1,富蘭克林華美全球高收益債券基金新臺幣Ｃ分配型
3146,4943,FNDD,CNY,RR3,1,群益全球優先順位高收益債券基金Ｂ月配型人民幣
3150,AT07,FNDF,USD,RR4,1,百達數位科技Ｒ美元
3154,6017,FNDD,CNY,RR3,1,安聯收益成長多重資產基金－Ｂ類型（月配）－人民幣
3155,6303,FNDD,TWD,RR4,1,瑞銀亞洲高收益債券基金Ａ類型（不配息）
3161,9108,FNDD,ZAR,RR3,0,路博邁收益成長多重資產基金Ｎ月配（南非幣）
3163,AF58,FNDF,ZAR,RR3,0,鋒匯理Ⅱ－新興市場債券Ａ股南非幣收益穩定配息
3164,AF60,FNDF,ZAR,RR2,0,鋒匯理Ⅱ－策略收益Ａ股南非幣收益穩定配息
3166,AGC6,FNDF,USD,RR5,1,貝萊德亞太股票收益基金Ａ２美元
3167,AP28,FNDF,USD,RR3,1,ＮＮ（Ｌ）環球高股息基金Ｘ股美元
3168,AP29,FNDF,USD,RR4,1,ＮＮ（Ｌ）美國高股息基金Ｘ股美元（月配息）
3169,AP43,FNDF,ZAR,RR3,1,ＮＮ（Ｌ）亞洲債券基金Ｘ股對沖級別南非幣（月配息）
3170,BB34,FNDF,USD,RR4,1,安聯東方入息基金－Ａ配息類股（美元）
3176,JJ05,FNDF,USD,RR4,1,富蘭克林高科技基金
3177,KK63,FNDF,USD,RR3,1,富蘭克林坦伯頓全球投資全球基金
3184,WW52,FNDF,EUR,RR5,0,霸菱拉丁美洲基金歐元
3186,1922,FNDD,TWD,RR5,1,匯豐中國動力基金台幣
3187,1925,FNDD,TWD,RR3,1,匯豐資源豐富國家債券基金配息
3188,2136,FNDD,TWD,RR5,1,野村印度潛力基金
3192,3709,FNDD,USD,RR4,1,國泰新興高收益債配息美元
3194,4644,FNDD,CNY,RR3,1,瀚亞印度政府基礎建設債券基金Ｂ類型－人民幣
3208,9104,FNDD,CNY,RR3,0,路博邁收益成長多重資產基金Ｎ月配（人民幣）
3209,AA47,FNDF,USD,RR2,0,富達全球台商企業基金
3210,AA97,FNDF,USD,RR4,0,富達亞洲高收益基金Ａ股穩定月配
3211,AAD8,FNDF,AUD,RR5,1,富達中國內需消費基金澳幣避險累積型
3215,AG09,FNDF,EUR,RR4,1,貝萊德歐元市場基金歐元
3216,AGA3,FNDF,USD,RR3,1,貝萊德新興市場債券基金Ａ６美元穩定配息
3217,AGC2,FNDF,USD,RR4,0,貝萊德日本靈活股票基金Ａ２美元
3219,AP06,FNDF,USD,RR3,1,ＮＮ（Ｌ）亞洲債券基金Ｘ股美元（月配息）
3222,CC94,FNDF,USD,RR3,1,摩根－ＪＰＭ新興市場債券美元（Ａ股累計）基金
3223,EE61,FNDF,USD,RR5,0,景順開發中市場基金Ａ－年配息股美元
3224,GG50,FNDF,USD,RR3,0,安本標準歐元高收益債券基金Ａ累積美元避險
3227,MM25,FNDF,EUR,RR4,0,安聯全球價值股票基金
3231,WW09,FNDF,USD,RR2,1,霸菱國際債券基金美元
3232,WW23,FNDF,AUD,RR3,1,霸菱成熟及新興市場高收益債券基金－Ａ類澳幣避險月配息型
3233,2717,FNDD,TWD,RR4,1,台新北美收益基金Ａ不配息
3234,2916,FNDD,TWD,RR4,1,復華全方位基金
3235,3010,FNDD,TWD,RR5,1,元大印度基金
3241,6106,FNDD,CNY,RR3,1,貝萊德全球多元因子ＥＴＦ組合基金累積人民幣
3252,AA42,FNDF,USD,RR5,1,富達亞洲成長趨勢基金
3253,AC22,FNDF,USD,RR3,0,天達環球策略環球多元資產收益基金Ｃ收益－２股份
3256,AP40,FNDF,USD,RR5,1,ＮＮ（Ｌ）亞洲收益基金Ｘ股美元（月配息）
3260,QQ40,FNDF,JPY,RR3,1,瑞銀（盧森堡）歐元高收益債券基金（歐元）（日圓避險－月配息）
3262,VV05,FNDF,USD,RR4,1,駿利亨德森美國創業基金Ａ股美元
3263,2044,FNDD,TWD,RR3,1,國泰主順位資產抵押高收益債券基金Ａ類型新臺幣
3271,5816,FNDD,ZAR,RR3,1,聯博全球高收益債券基金ＴＡ類型南非幣
3272,5822,FNDD,CNY,RR3,1,聯博美國高收益債券基金－ＡＡ類型（人民幣）
3273,5823,FNDD,USD,RR3,1,聯博多元資產收益組合基金ＡＩ類型美元
3275,6903,FNDD,CNY,RR5,1,兆豐國際中國Ａ股基金人民幣
3281,AI21,FNDF,USD,RR5,1,瀚亞中印股票基金
3282,AJ02,FNDF,EUR,RR4,0,瀚亞Ｍ＆Ｇ歐洲基金
3284,AR07,FNDF,AUD,RR3,1,ＮＢ高收益債券基金Ｔ股週配澳幣
3285,AR14,FNDF,ZAR,RR4,1,ＮＢ美國多元企業機會基金Ｔ股累積型南非幣
3289,CC23,FNDF,USD,RR5,1,摩根泰國基金
3291,EE43,FNDF,USD,RR4,1,景順歐洲指標增值基金Ａ（美元對沖）股美元
3292,GG41,FNDF,EUR,RR4,0,安本標準歐洲股息基金Ａ累積歐元
3294,NN49,FNDF,USD,RR5,1,聯博亞洲股票基金Ａ美元
3296,1201,FNDD,TWD,RR4,1,統一黑馬基金
3299,2939,FNDD,TWD,RR5,1,復華中小精選基金
3300,4618,FNDD,CNY,RR4,1,瀚亞亞太高股息基金Ｂ人民幣配息
3302,4809,FNDD,CNY,RR5,1,富蘭克林華美中國消費基金人民幣
3303,4937,FNDD,CNY,RR3,1,群益全球特別股收益基金人民幣配息
3305,3310,FNDD,TWD,RR5,1,群益東方盛世基金
3307,AA09,FNDF,EUR,RR4,1,富達德國基金
3317,CC53,FNDF,EUR,RR4,1,摩根－ＪＰＭ環球天然資源歐元（Ａ股分派）基金
3322,EE78,FNDF,USD,RR5,0,景順亞洲動力基金Ｃ－年配息股美元
3325,GG42,FNDF,USD,RR3,0,安本標準新興市場當地貨幣債券基金Ａ月配息美元
3331,2139,FNDD,TWD,RR4,1,野村亞太複合高收益債基金月配類型
3334,2621,FNDD,TWD,RR5,1,元大印尼指數基金
3336,4020,FNDD,TWD,RR3,1,聯博美國高收益債券基金－Ａ２類型（新臺幣）
3343,5814,FNDD,USD,RR3,1,聯博全球高收益債券基金ＴＡ類型美元
3344,5701,FNDD,USD,RR3,1,保德信全球醫療生化基金美元
3345,FE08,FNDF,USD,RR2,0,富蘭克林坦伯頓全球投資全球債券基金美元Ｆ（ＭＤＩＳ）股
3348,AA13,FNDF,USD,RR4,1,富達新加坡基金
3352,AG90,FNDF,USD,RR3,1,貝萊德環球動力股票基金美元
3355,BB37,FNDF,EUR,RR5,1,安聯全球新興市場高股息基金－ＡＴ累積類股（歐元）
3359,CR08,FNDF,ZAR,RR3,0,ＮＢ高收益債券基金Ｃ２股月配南非幣
3360,EE81,FNDF,USD,RR3,1,景順環球高收益債券基金Ａ－固定月配息股美元
3365,1302,FNDD,TWD,RR5,1,保德信科技島基金
3370,2912,FNDD,TWD,RR4,1,復華全球大趨勢基金－新臺幣
3371,3714,FNDD,USD,RR4,1,國泰亞太入息平衡基金配息美元
3376,TF58,FNDF,ZAR,RR3,0,鋒匯理Ⅱ－新興市場債券Ｔ股南非幣收益穩定配息
3380,AH04,FNDF,USD,RR3,1,新加坡大華國際成長基金美元
3381,AI54,FNDF,AUD,RR5,0,瀚亞中國股票基金澳幣避險穩定月配
3385,CC88,FNDF,USD,RR5,1,摩根－ＪＰＭ俄羅斯美元（Ａ股分派）基金
3386,CCD3,FNDF,AUD,RR3,1,摩根投資－ＪＰＭ環球高收益債券澳幣對沖（Ａ股累計）基金
3388,EE38,FNDF,AUD,RR5,1,景順大中華基金Ａ澳幣對沖
3390,KK72,FNDF,EUR,RR3,1,富蘭克林坦伯頓全球投資全球債券總報酬基金歐元月配Ａ
3393,PP16,FNDF,USD,RR2,1,施羅德環球美元債券（美元）Ａ１－累積基金
3394,QQ12,FNDF,USD,RR4,0,瑞士銀行美國中型股基金
3397,2801,FNDD,TWD,RR4,1,富蘭克林華美坦伯頓全球股票組合基金
3400,AT23,FNDF,USD,RR4,1,百達保安Ｒ美元
3405,6902,FNDD,USD,RR5,1,兆豐國際中國Ａ股基金美元
3411,AG05,FNDF,USD,RR4,1,貝萊德美國增長型基金美元
3412,AI03,FNDF,USD,RR2,1,瀚亞美國特優級債券基金
3414,BB40,FNDF,USD,RR5,1,安聯亞洲總回報股票基金－ＡＭ穩定月收類股（美元）
3415,BB54,FNDF,USD,RR5,1,安聯全球新興市場高股息基金－ＡＭＧ穩定月收總收益類股（美元）
3418,CCF2,FNDF,EUR,RR5,1,摩根－ＪＰＭ新興歐洲股票歐元（Ａ股分派）基金
3420,KK55,FNDF,USD,RR2,1,富蘭克林坦伯頓全球投資全球債券美元基金累積
3422,NN38,FNDF,EUR,RR4,1,聯博永續主題基金Ａ股歐元
3425,VV13,FNDF,USD,RR3,1,駿利亨德森高收益基金Ａ１美元
3427,1232,FNDD,TWD,RR5,1,統一大東協高股息基金新臺幣
3428,1409,FNDD,TWD,RR5,1,摩根東方科技基金
3429,1432,FNDD,TWD,RR5,1,摩根新金磚五國基金
3431,1911,FNDD,TWD,RR5,1,匯豐成功基金
3433,2415,FNDD,TWD,RR3,1,瀚亞股債入息組合基金
3434,2526,FNDD,TWD,RR5,1,安聯中華新思路基金－新臺幣
3435,2909,FNDD,TWD,RR3,1,復華高益策略組合基金
3436,2933,FNDD,TWD,RR5,1,復華中國新經濟Ａ股基金
3437,3032,FNDD,TWD,RR3,1,元大新興印尼機會債券基金台幣月配
3441,5811,FNDD,AUD,RR3,1,聯博債券收益組合基金ＡＡ類型澳幣
3443,UF60,FNDF,ZAR,RR2,0,鋒匯理Ⅱ－策略收益Ｕ股南非幣收益穩定配息
3449,AAB4,FNDF,USD,RR3,1,富達美元高收益基金Ｆ１美元穩定月配息
3453,AG68,FNDF,USD,RR2,1,貝萊德世界債券基金Ａ３美元
3454,AH02,FNDF,USD,RR4,1,新加坡大華新加坡增長基金美元
3456,AP08,FNDF,USD,RR2,1,ＮＮ（Ｌ）投資級公司債基金Ｘ股美元（月配息）
3461,NN03,FNDF,USD,RR3,1,聯博國際醫療基金Ａ股美元
3462,NN97,FNDF,EUR,RR3,1,聯博全球價值型基金ＡＤ月配歐元避險
3467,1516,FNDD,TWD,RR4,1,華南永昌全球神農水資源基金
3468,3345,FNDD,TWD,RR4,1,群益全球地產入息基金台幣配息
3470,AT11,FNDF,EUR,RR3,1,百達健康Ｒ歐元
3471,5805,FNDD,AUD,RR3,1,聯博多元資產收益組合基金ＡＤ類型澳幣
3476,AA15,FNDF,USD,RR4,1,富達大中華基金
3477,AB03,FNDF,USD,RR4,0,天達環球策略環球能源基金Ｃ收益股份
3483,AP10,FNDF,EUR,RR4,1,ＮＮ（Ｌ）能源基金Ｘ股歐元
3484,AP17,FNDF,USD,RR5,1,ＮＮ（Ｌ）大中華股票基金Ｘ股美元
3485,BB36,FNDF,USD,RR5,1,安聯全球新興市場高股息基金－ＡＴ累積類股（美元）
3488,CC91,FNDF,USD,RR3,1,摩根－ＪＰＭ新興市場債券美元（Ａ股每月派息）基金
3489,CCE9,FNDF,USD,RR4,1,摩根－ＪＰＭ美國科技美元（Ａ股分派）基金
3490,EE09,FNDF,JPY,RR4,1,景順日本小型企業基金Ａ股日圓
3491,EE23,FNDF,EUR,RR4,1,景順全歐洲企業基金Ａ股歐元
3492,EE26,FNDF,GBP,RR2,0,景順英國高質債券基金Ａ－季配息股英鎊
3493,KKA2,FNDF,USD,RR3,1,富蘭克林坦伯頓全球投資穩定月收益基金美元Ａ（ＡＣＣ）股
3495,1209,FNDD,TWD,RR4,1,統一統信基金
3500,4704,FNDD,CNY,RR3,1,野村環球高收益債基金月配人民幣
3508,AA80,FNDF,USD,RR3,1,富達全球聚焦基金
3512,AI59,FNDF,USD,RR4,1,瀚亞日本動力股票基金Ａ美元避險
3515,CC74,FNDF,USD,RR5,0,摩－ＪＰＭ新興歐洲、中東及非洲美元（Ａ股分派）基金
3519,KK57,FNDF,USD,RR2,1,富蘭克林坦伯頓全球投資美國政府基金累積
3521,NN94,FNDF,ZAR,RR5,1,聯博亞洲股票基金ＡＤ股月配南非幣避險
3523,PP81,FNDF,USD,RR3,1,施羅德環球環球收益股票（美元）Ａ１－累積基金
3524,QQ29,FNDF,USD,RR3,1,瑞銀（盧森堡）歐元高收益債券基金（歐元）美元避險
3526,2020,FNDD,TWD,RR4,1,國泰新興高收益債券基金配息
3527,2901,FNDD,TWD,RR5,1,復華數位經濟基金
3528,2919,FNDD,TWD,RR5,1,復華大中華中小策略基金
3529,3036,FNDD,TWD,RR4,1,元大新東協平衡基金
3531,3906,FNDD,CNY,RR1,1,復華人民幣貨幣市場基金
3536,WV01,FNDF,EUR,RR4,1,霸菱德國增長基金Ａ歐元累積
3540,AAC9,FNDF,USD,RR4,1,富達北歐基金美元避險
3541,AAE3,FNDF,USD,RR4,0,富達基金–歐洲多重資產收益基金Ａ股累積美元避險
3542,AC18,FNDF,ZAR,RR3,1,天達環球策略歐洲高收益債券基金Ｃ３南非幣避險
3547,EE32,FNDF,EUR,RR3,0,景順新興貨幣債券基金Ａ歐元對沖股歐元
3548,GG03,FNDF,AUD,RR4,0,安本標準澳洲股票基金Ａ累積澳幣
3550,PP99,FNDF,USD,RR5,0,施羅德環球新興亞洲（美元）Ａ－累積基金
3551,1415,FNDD,TWD,RR3,1,摩根全球平衡基金
3553,2016,FNDD,TWD,RR5,1,國泰新興市場基金
3556,2716,FNDD,TWD,RR5,1,台新台灣中小基金
3558,3114,FNDD,TWD,RR4,1,施羅德中國高收益債券基金配息型
3561,3911,FNDD,CNY,RR4,1,復華中國新經濟平衡基金人民幣不配息
3562,3915,FNDD,USD,RR5,1,復華亞太神龍科技基金－美元
3573,EE20,FNDF,USD,RR4,1,景順環球消費趨勢基金Ａ股美元
3574,EE48,FNDF,USD,RR5,1,景順印度股票基金Ａ－年配息股美元
3577,SS12,FNDF,USD,RR5,0,柏瑞環球拉丁美洲中小型公司股票基金
3581,1212,FNDD,TWD,RR5,1,統一亞太基金
3582,1424,FNDD,TWD,RR5,1,摩根新絲路基金
3583,2913,FNDD,TWD,RR5,1,復華亞太成長基金
3584,3331,FNDD,TWD,RR4,1,群益全球關鍵生技基金
3585,3350,FNDD,TWD,RR3,1,群益全球特別股收益基金新臺幣配息
3588,AG08,FNDF,EUR,RR5,1,貝萊德新興歐洲基金歐元
3592,6702,FNDD,CNY,RR4,1,中國信託全球不動產收益基金人民幣月配
3594,9351,FNDD,TWD,RR3,0,群益全球優先順位高收益債券基金ＮＡ累積型臺幣
3597,AH51,FNDF,SGD,RR5,0,新加坡大華東協基金星幣
3598,AI23,FNDF,USD,RR5,1,瀚亞印度股票基金
3599,AL01,FNDF,EUR,RR4,0,ＫＢＣ全球水資源基金
3601,AP35,FNDF,AUD,RR4,1,ＮＮ（Ｌ）歐元高股息基金Ｘ股對沖級別澳幣（月配息）
3609,1121,FNDD,TWD,RR4,1,日盛亞洲高收益債券基金累積型
3613,4813,FNDD,CNY,RR3,1,富蘭克林華美積極回報債券組合基金人民幣累積型
3614,4815,FNDD,USD,RR5,1,富蘭克林華美中國傘型基金之中國Ａ股基金美元
3615,4821,FNDD,ZAR,RR3,1,富蘭克林華美多重資產收益基金南非幣分配型
3624,AB07,FNDF,USD,RR5,1,天達環球策略環球黃金基金Ｃ收益股份
3627,AG86,FNDF,AUD,RR3,1,貝萊德美元高收益債券基金避險Ａ３澳幣月配
3628,BB47,FNDF,EUR,RR3,1,安聯收益成長基金－ＡＭ穩定月收類股（歐元避險）
3629,BB65,FNDF,ZAR,RR3,1,安聯多元信用債券基金－ＡＭＧ穩定月收總收益類股（南非幣避險）
3631,CCA9,FNDF,USD,RR3,1,摩根－ＪＰＭ新興市場企業債券美元（Ａ股累計）基金
3633,GG06,FNDF,GBP,RR4,0,安本標準英國股票基金Ａ累積英鎊
3634,GG30,FNDF,USD,RR3,0,安本標準新興市場債券基金Ａ月配息美元
3639,2028,FNDD,TWD,RR4,0,國泰歐洲精選基金台幣
3642,2804,FNDD,TWD,RR4,1,富蘭克林華美新世界股票基金
3646,5803,FNDD,USD,RR3,1,聯博多元資產收益組合基金Ａ２類型美元
3647,5813,FNDD,CNY,RR3,1,聯博全球高收益債券基金ＴＡ類型人民幣
3650,9107,FNDD,ZAR,RR3,0,路博邁收益成長多重資產基金Ｎ累積（南非幣）
3656,AGD2,FNDF,ZAR,RR3,1,貝萊德亞洲老虎債券基金Ａ８多幣別穩定月配息股份－南非幣避險
3657,AO26,FNDF,AUD,RR3,1,ＰＩＭＣＯ新興市場債券基金Ｍ級澳月收息股
3658,AP32,FNDF,USD,RR3,1,ＮＮ（Ｌ）環球高股息基金Ｘ股美元（月配息）
3661,AH62,FNDF,SGD,RR5,1,新加坡大華黃金及綜合基金星幣
3662,KK47,FNDF,EUR,RR3,1,富蘭克林坦伯頓全球投資互利全球領航基金歐元
3664,OB08,FNDF,USD,RR4,1,法巴美國增長股票基金Ｃ（美元）
3667,1330,FNDD,TWD,RR5,0,保德信亞太基金
3669,2013,FNDD,TWD,RR5,1,國泰中港台基金
3670,2517,FNDD,TWD,RR5,1,安聯中國東協基金
3672,3213,FNDD,TWD,RR5,1,永豐滬深３００紅利指數基金新臺幣
3677,AT12,FNDF,USD,RR4,1,百達生物科技Ｒ美元
3680,6101,FNDD,CNY,RR4,1,貝萊德亞洲高收益債券基金月配人民幣
3688,AG69,FNDF,EUR,RR5,1,貝萊德新興市場基金歐元
3689,AG74,FNDF,EUR,RR4,1,貝萊德永續能源基金歐元
3690,AG77,FNDF,EUR,RR5,1,貝萊德世界黃金基金歐元
3691,AGE3,FNDF,USD,RR4,1,貝萊德全球智慧數據股票入息基金Ａ２美元
3692,AH56,FNDF,SGD,RR4,1,新加坡大華全球科技基金星幣
3694,AO12,FNDF,USD,RR3,1,ＰＩＭＣＯ新興市場債券基金Ｅ級類別收息股
3695,CCE2,FNDF,USD,RR4,1,摩根日本日圓基金（美元對沖累計）
3697,EE75,FNDF,USD,RR5,1,景順韓國基金Ａ－年配息股美元
3699,KK33,FNDF,USD,RR5,1,富蘭克林坦伯頓全球投資印度基金
3700,KKA5,FNDF,USD,RR5,1,富蘭克林坦伯頓全球投資邊境市場基金美元Ａ（ＹＤＩＳ）股
3701,NN78,FNDF,AUD,RR4,1,聯博全球不動產證券基金ＡＤ澳幣避險
3704,VV07,FNDF,USD,RR3,1,駿利亨德森環球生命科技基金Ａ股美元
3708,2516,FNDD,TWD,RR4,1,安聯全球油礦金趨勢基金
3709,4015,FNDD,TWD,RR3,1,聯博全球高收益債券基金Ｔ２累積型
3711,4202,FNDD,CNY,RR4,1,永豐中國高收益債券基金－人民幣配息
3712,4708,FNDD,CNY,RR4,1,野村歐洲中小成長基金人民幣
3718,6216,FNDD,CNY,RR5,1,統一大龍騰中國基金（人民幣）
3720,AAC6,FNDF,USD,RR4,1,富達歐洲動能基金美元避險
3724,AF45,FNDF,USD,RR4,0,鋒匯理Ⅱ－歐洲潛力Ａ２美元
3727,AI42,FNDF,USD,RR4,1,瀚亞亞洲股票收益基金Ａ美元累積型
3728,AQ03,FNDF,AUD,RR3,0,美盛西方資產全球高收益債券基金Ａ類澳配
3730,AR29,FNDF,ZAR,RR5,1,ＮＢ新興市場股票基金Ｔ累積類股南非幣
3734,KK38,FNDF,USD,RR5,1,富蘭克林坦伯頓全球投資金磚四國基金
3735,PP22,FNDF,USD,RR5,1,施羅德環球拉丁美洲（美元）Ａ１－累積基金
3742,1427,FNDD,TWD,RR5,1,摩根金龍收成基金
3744,2828,FNDD,TWD,RR3,1,富蘭克林華美退休傘型基金之目標２０２７組合基金－新臺幣
3746,4022,FNDD,TWD,RR5,1,聯博中國Ａ股基金－Ａ２類型（新臺幣）
3749,AT06,FNDF,ZAR,RR4,1,百達智慧城市ＨＲ年配南非幣
3753,5815,FNDD,AUD,RR3,1,聯博全球高收益債券基金ＴＡ類型澳幣
3754,6007,FNDD,USD,RR3,1,安聯目標收益基金－Ｂ類型（月配息）－美元
3755,WV02,FNDF,USD,RR4,1,霸菱德國增長基金Ａ美元累積
3760,AAE2,FNDF,AUD,RR5,0,富達太平洋基金澳幣避險累積型
3764,AGD3,FNDF,USD,RR3,1,貝萊德環球高收益債券基金Ａ３美元配息
3768,PP12,FNDF,JPY,RR4,1,施羅德環球日本小型公司（日元）Ａ１－累積基金
3769,PP73,FNDF,USD,RR3,1,施羅德環球環球股債收息基金（美元）Ａ－月配固定基金
3770,QQ19,FNDF,EUR,RR2,0,瑞銀歐元債券基金（未核備）
3772,WW53,FNDF,EUR,RR4,0,霸菱歐寶基金歐元
3775,1333,FNDD,TWD,RR5,1,保德信中國中小基金
3776,1445,FNDD,TWD,RR4,1,摩根新興雙利平衡基金月配息型
3777,1518,FNDD,TWD,RR5,0,華南永昌中國Ａ股基金
3780,2007,FNDD,TWD,RR4,1,國泰小龍基金
3781,2307,FNDD,TWD,RR4,1,柏瑞全球金牌組合基金
3785,2818,FNDD,TWD,RR5,1,富蘭克林華美中國傘型基金之中國Ａ股基金
3787,3002,FNDD,TWD,RR4,1,元大卓越基金
3790,5007,FNDD,TWD,RR5,1,貝萊德亞太智慧數據股票入息基金月配新台幣
3792,ER26,FNDF,ZAR,RR3,0,ＮＢ新興市場本地貨幣債券基金Ｅ股月配南非幣
3801,AG79,FNDF,EUR,RR4,1,貝萊德世界礦業基金歐元
3803,AH59,FNDF,SGD,RR4,0,新加坡大華全球房地產收益基金星幣
3805,AO32,FNDF,USD,RR2,1,ＰＩＭＣＯ全球投資級別債券基金Ｍ級月收強化股份
3808,EE46,FNDF,USD,RR3,1,景順環球指標增值基金Ａ－穩定月配息股美元
3810,GG34,FNDF,USD,RR5,0,安本標準新興市場小型公司基金Ａ累積美元
3811,KK45,FNDF,EUR,RR2,1,富蘭克林坦伯頓全球投資精選收益基金歐元
3813,NN91,FNDF,USD,RR5,1,聯博中國時機基金ＡＤ月配美元
3815,2010,FNDD,TWD,RR5,1,國泰中小成長基金
3817,3011,FNDD,TWD,RR5,1,元大新興亞洲基金
3818,3113,FNDD,TWD,RR4,1,施羅德中國高收益債券基金累積型
3824,AT05,FNDF,AUD,RR4,1,百達智慧城市ＨＲ年配澳幣
3825,AGD4,FNDF,USD,RR5,1,貝萊德東協領先基金Ａ２美元
3826,5936,FNDD,CNY,RR3,1,柏瑞新興市場企業策略債券基金Ｂ類型人民幣
3828,6005,FNDD,CNY,RR3,1,安聯四季豐收債券組合基金－Ｂ類型（月配息）－人民幣
3829,7329,FNDD,TWD,RR3,0,柏瑞特別股息收益基金Ｎ類型新臺幣
3831,AF27,FNDF,USD,RR4,0,鋒匯理Ⅱ－日本股票Ａ２美元
3834,AG80,FNDF,EUR,RR4,1,貝萊德世界科技基金歐元
3835,AP15,FNDF,USD,RR3,1,ＮＮ（Ｌ）新興市場債券基金Ｘ股美元
3836,AR16,FNDF,ZAR,RR3,1,ＮＢ高收益債券基金Ｔ股累積南非幣
3838,CC62,FNDF,USD,RR2,1,摩根ＪＰＭ環球短債基金
3840,CCG3,FNDF,USD,RR5,0,摩根－ＪＰＭ新興歐洲股票美元（Ａ股分派）基金
3844,XX13,FNDF,USD,RR5,1,匯豐環球投資基金泰國股票
3846,1918,FNDD,TWD,RR5,1,匯豐新鑽動力基金
3850,4722,FNDD,USD,RR3,1,野村亞太新興債券基金美元配息
3853,5810,FNDD,USD,RR3,1,聯博債券收益組合基金ＡＡ類型美元
3854,5812,FNDD,ZAR,RR3,1,聯博債券收益組合基金ＡＡ類型南非幣
3866,AG34,FNDF,USD,RR2,1,貝萊德環球政府債券基金美元
3867,AG44,FNDF,EUR,RR4,1,貝萊德社會責任多元資產基金歐元
3868,AG60,FNDF,EUR,RR5,1,貝萊德中國基金ＨＥＤＧＥＤＡ２歐元
3869,AGB5,FNDF,AUD,RR3,1,貝萊德亞洲老虎債券基金Ａ８月配澳幣避險
3870,AI41,FNDF,NZD,RR3,1,瀚亞全球價值股票基金紐幣避險穩定月配
3876,CC93,FNDF,USD,RR2,1,摩根－ＪＰＭ美國複合收益債券美元（Ａ股每月派息）基金
3878,KK27,FNDF,USD,RR3,1,富蘭克林坦伯頓全球投資全球股票收益基金
3879,KKA9,FNDF,USD,RR4,1,富蘭克林坦伯頓全球投資潛力歐洲基金美元避險Ａ（ＡＣＣ）股－Ｈ１
3882,PP28,FNDF,USD,RR2,1,施羅德環球新興市場債券（美元）Ａ１－月配固定基金
3883,PP55,FNDF,USD,RR5,1,施羅德環球金磚四國（美元）Ａ１－累積基金
3885,SS05,FNDF,JPY,RR4,0,瑞環球日本新遠景股票基金
3888,1309,FNDD,TWD,RR4,1,保德信全球中小基金新臺幣
3889,1622,FNDD,TWD,RR5,1,第一金中國世紀基金
3890,2116,FNDD,TWD,RR4,1,野村全球生技醫療基金
3892,2438,FNDD,TWD,RR4,1,瀚亞亞太豐收平衡基金Ｂ－台幣
3893,2608,FNDD,TWD,RR4,1,元大全球ＥＴＦ成長組合基金
3895,3329,FNDD,TWD,RR4,1,群益多重資產組合基金
3896,3502,FNDD,TWD,RR5,1,德信數位時代基金
3905,UF07,FNDF,USD,RR4,0,鋒匯理Ⅱ－美國鋒裕基金Ｕ２美元
3906,UF57,FNDF,AUD,RR3,0,鋒匯理Ⅱ－新興市場債券Ｕ股澳幣收益穩定配息
3907,6004,FNDD,CNY,RR3,1,安聯四季豐收債券組合基金－Ａ類型（累積）－人民幣
3917,AA06,FNDF,USD,RR4,1,富達美國基金
3919,AAB9,FNDF,EUR,RR3,1,富達全球入息基金累積歐元避險
3921,AP11,FNDF,USD,RR4,1,ＮＮ（Ｌ）原物料基金Ｘ股美元
3922,BB61,FNDF,NZD,RR3,1,安聯收益成長基金－ＡＭ穩定月收類股（紐幣避險）
3925,5902,FNDD,CNY,RR3,1,柏瑞中國平衡基金Ｂ類型人民幣
3928,PP64,FNDF,USD,RR3,1,施羅德環球環球高收益（美元）Ａ１－月配固定基金
3930,1338,FNDD,TWD,RR3,1,保德信印度機會債券基金配息型－新臺幣
3933,3003,FNDD,TWD,RR5,0,元巴菲特基金
3934,3040,FNDD,TWD,RR3,1,元大新興亞洲美元債券基金新臺幣（Ａ）不配息
3935,4009,FNDD,TWD,RR3,1,聯博多元資產收益組合基金Ａ２不配息（台幣）
3940,AV08,FNDF,ZAR,RR3,1,瑞萬通博環球高收益債券基金ＡＭＨ南非幣避險月配
3941,AW05,FNDF,AUD,RR3,1,野村愛爾蘭美國高收益債券基金（ＴＤ澳幣避險類股）
3946,AA23,FNDF,USD,RR3,1,富達國際基金
3947,AAA1,FNDF,USD,RR2,1,富達美元債券基金累積
3954,GG39,FNDF,USD,RR4,0,安本標準世界資源股票基金Ａ累積美元
3956,KK39,FNDF,USD,RR4,1,富蘭克林坦伯頓全球投資大中華基金
3959,PP78,FNDF,USD,RR4,1,施羅德環球歐洲收益股票（美元避險）Ａ１－月配固定基金
3960,VV03,FNDF,USD,RR4,1,駿利亨德森美國４０基金Ａ股美元
3961,VV08,FNDF,EUR,RR3,1,駿利亨德森環球生命科技基金Ａ股歐元
3962,1226,FNDD,TWD,RR5,1,統一大龍騰中國基金
3966,AT09,FNDF,EUR,RR4,1,百達水資源Ｒ歐元
3968,6104,FNDD,CNY,RR5,1,貝萊德亞太智慧數據股票入息基金月配人民幣
3973,AA72,FNDF,USD,RR3,1,富達美元高收益基金
3976,AF54,FNDF,ZAR,RR3,0,鋒匯理Ⅱ－環球高收益Ａ股南非幣收益穩定配息
3977,AF56,FNDF,ZAR,RR3,0,鋒匯理Ⅱ－美國高息Ａ股南非幣收益穩定配息
3978,AF59,FNDF,AUD,RR2,0,鋒匯理Ⅱ－策略收益Ａ股澳幣收益穩定配息
3979,AF73,FNDF,ZAR,RR2,0,鋒匯理Ⅱ－美元綜合債券Ａ股南非幣收益穩定配息
3982,AO28,FNDF,USD,RR2,1,ＰＩＭＣＯ全球投資級別債券基金－Ｍ級類別（月收息股份）
3985,BR08,FNDF,ZAR,RR3,0,ＮＢ高收益債券基金Ｂ股月配南非幣
3991,1220,FNDD,TWD,RR5,1,統一大龍印基金
3995,2802,FNDD,TWD,RR4,1,富蘭克林華美第一富基金
3996,3913,FNDD,CNY,RR5,1,復華中國新經濟Ａ股基金人民幣
3997,3914,FNDD,USD,RR4,1,復華全球物聯網科技基金－美元
4008,AB09,FNDF,USD,RR4,1,天達環球策略環球天然資源基金Ｃ收益股份
4014,KK76,FNDF,EUR,RR4,1,富蘭克林坦伯頓全球投資美國機會基金歐元
4018,PP68,FNDF,USD,RR5,1,施羅德環球亞洲收益股票（美元）Ａ１－月配固定基金
4020,2927,FNDD,TWD,RR3,1,復華新興人民幣短期收益基金
4021,3103,FNDD,TWD,RR5,1,施羅德台灣樂活中小基金－Ａ類型
4024,3352,FNDD,TWD,RR3,1,群益全球優先順位高收益債券基金Ｂ月配型臺幣
4028,AA78,FNDF,JPY,RR4,1,富達日本潛力優勢基金
4038,AH12,FNDF,USD,RR5,1,新加坡大華黃金及綜合基金美元
4041,AR19,FNDF,ZAR,RR4,1,ＮＢ美國小型企業基金Ｔ股累積南非幣
4043,JJ26,FNDF,USD,RR3,1,富蘭克林公用事業基金美元Ａ股
4044,KK07,FNDF,USD,RR5,0,富蘭克林坦伯頓全球投資拉丁美洲基金
4045,KK53,FNDF,USD,RR5,1,富蘭克林坦伯頓全球投資邊境市場基金美元
4050,PP31,FNDF,USD,RR5,1,施羅德環球新興亞洲（美元）Ａ１－累積基金
4052,PPA3,FNDF,USD,RR4,1,施羅德環球歐洲股息基金（美元避險）Ａ－月配固定基金
4053,QQ49,FNDF,USD,RR5,1,瑞銀（盧森堡）大中華股票基金（美元）
4055,3730,FNDD,AUD,RR4,0,國泰全球積極組合基金－澳幣
4057,2725,FNDD,TWD,RR3,1,台新新興市場債券Ｂ配息基金
4061,5914,FNDD,USD,RR4,1,柏瑞亞太高收益債券基金Ａ累積美元
4062,UF34,FNDF,USD,RR2,0,鋒匯理Ⅱ－策略收益ＵＸＤ美元
4067,AA55,FNDF,EUR,RR4,1,富達歐洲小型企業基金
4068,AG98,FNDF,AUD,RR3,1,貝萊德環球資產配置基金避險Ａ２澳幣
4070,AR11,FNDF,AUD,RR3,1,ＮＢ高收益債券基金Ｔ股月配澳幣
4076,NN07,FNDF,USD,RR5,1,聯博新興市場成長基金Ａ股美元
4077,NN31,FNDF,EUR,RR5,1,聯博中國時機基金Ａ歐元
4079,XX09,FNDF,USD,RR2,1,匯豐環球投資基金美元債券
4080,1301,FNDD,TWD,RR5,1,保德信中小型股基金
4081,2021,FNDD,TWD,RR5,1,國泰中國新興戰略基金
4082,2102,FNDD,TWD,RR4,1,野村成長基金
4083,2723,FNDD,TWD,RR4,1,台新北美收益基金Ｂ配息
4084,2724,FNDD,TWD,RR3,1,台新新興市場債券Ａ不配息基金
4086,3013,FNDD,TWD,RR5,1,元大華夏中小基金
4091,5407,FNDD,USD,RR5,1,摩根中國Ａ股基金美元
4093,5910,FNDD,ZAR,RR3,1,柏瑞全球策略高收益債券基金Ｂ類型南非幣
4094,5917,FNDD,USD,RR3,1,柏瑞全球策略高收益債券基金Ａ類型美元
4095,5937,FNDD,USD,RR3,1,柏瑞特別股息收益基金Ａ累積美元
4103,AG22,FNDF,USD,RR4,1,貝萊德世界金融基金美元
4105,AI16,FNDF,USD,RR5,0,瀚亞中國股票基金
4108,AR06,FNDF,USD,RR4,1,ＮＢ美國小型企業基金Ｔ股累積美元
4112,GG38,FNDF,USD,RR5,1,安本標準拉丁美洲股票基金Ａ累積美元
4113,JJ24,FNDF,USD,RR4,0,富蘭克林美國房地產證券化基金
4117,PP40,FNDF,EUR,RR2,1,施羅德環球新興市場債券（歐元避險）Ａ１－月配固定基金
4118,PP69,FNDF,USD,RR3,1,施羅德傘型基金ＩＩ－亞洲高息股債基金（美元）Ａ－累積基金
4121,2121,FNDD,TWD,RR5,1,野村泰國基金
4123,3319,FNDD,TWD,RR5,1,群益印度中小基金
4124,3333,FNDD,TWD,RR5,1,群益中國新機會基金
4126,4604,FNDD,USD,RR3,1,瀚亞全球高收益債券基金美元Ｂ類型配息
4127,4903,FNDD,USD,RR5,1,群益中國新機會美元
4129,5605,FNDD,USD,RR4,1,台新北美收益資產證券化基金月配美元
4130,8906,FNDD,CNY,RR4,0,柏瑞新興市場高收益債券基金Ｎ類型人民幣
4132,FC93,FNDF,USD,RR2,0,摩根－ＪＰＭ美國複合收益債券美元（Ｆ股每月派息）基金
4133,AA08,FNDF,GBP,RR4,1,富達英國基金
4134,AA81,FNDF,USD,RR3,1,富達全球成長與收益基金
4136,AK01,FNDF,EUR,RR4,1,駿利亨德森遠見泛歐小型公司基金
4137,AP25,FNDF,USD,RR5,1,ＮＮ（Ｌ）亞洲收益基金Ｘ股美元
4141,BP43,FNDF,ZAR,RR3,0,ＮＮ（Ｌ）亞洲債券基金Ｙ股對沖級別南非幣（月配息）
4144,CC18,FNDF,USD,RR3,1,摩根－ＪＰＭ亞太入息美元（Ａ股分派）基金
4146,GG47,FNDF,JPY,RR4,0,安本標準日本小型公司基金Ａ累積日圓
4149,NN25,FNDF,EUR,RR3,1,聯博歐洲收益基金ＡＴ股歐元
4150,NN81,FNDF,USD,RR3,1,聯博全球價值型基金ＡＤ月配美元
4154,1207,FNDD,TWD,RR4,1,統一大滿貫基金
4155,1322,FNDD,TWD,RR4,1,保德信全球消費商機基金
4157,2310,FNDD,TWD,RR5,1,柏瑞亞太高股息基金Ａ類型
4158,2328,FNDD,TWD,RR3,1,柏瑞特別股息收益基金Ｂ月配台幣
4159,2410,FNDD,TWD,RR4,1,瀚亞理財通基金
4161,3305,FNDD,TWD,RR4,1,群益奧斯卡基金
4166,5929,FNDD,CNY,RR3,1,柏瑞環球多元資產基金Ａ累積人民幣
